route	viewport	relative_path	absolute_path
/login	320	screenshots/login__w320.png	C:\Users\hinthorozuTUF\Kyrox\fair-crm\frontend\reports\full-ui-evidence\screenshots\login__w320.png
/login	390	screenshots/login__w390.png	C:\Users\hinthorozuTUF\Kyrox\fair-crm\frontend\reports\full-ui-evidence\screenshots\login__w390.png
/login	767	screenshots/login__w767.png	C:\Users\hinthorozuTUF\Kyrox\fair-crm\frontend\reports\full-ui-evidence\screenshots\login__w767.png
/login	768	screenshots/login__w768.png	C:\Users\hinthorozuTUF\Kyrox\fair-crm\frontend\reports\full-ui-evidence\screenshots\login__w768.png
/login	769	screenshots/login__w769.png	C:\Users\hinthorozuTUF\Kyrox\fair-crm\frontend\reports\full-ui-evidence\screenshots\login__w769.png
/login	1023	screenshots/login__w1023.png	C:\Users\hinthorozuTUF\Kyrox\fair-crm\frontend\reports\full-ui-evidence\screenshots\login__w1023.png
/login	1024	screenshots/login__w1024.png	C:\Users\hinthorozuTUF\Kyrox\fair-crm\frontend\reports\full-ui-evidence\screenshots\login__w1024.png
/login	1025	screenshots/login__w1025.png	C:\Users\hinthorozuTUF\Kyrox\fair-crm\frontend\reports\full-ui-evidence\screenshots\login__w1025.png
/login	1439	screenshots/login__w1439.png	C:\Users\hinthorozuTUF\Kyrox\fair-crm\frontend\reports\full-ui-evidence\screenshots\login__w1439.png
/login	1440	screenshots/login__w1440.png	C:\Users\hinthorozuTUF\Kyrox\fair-crm\frontend\reports\full-ui-evidence\screenshots\login__w1440.png
/login	1441	screenshots/login__w1441.png	C:\Users\hinthorozuTUF\Kyrox\fair-crm\frontend\reports\full-ui-evidence\screenshots\login__w1441.png
/login	1920	screenshots/login__w1920.png	C:\Users\hinthorozuTUF\Kyrox\fair-crm\frontend\reports\full-ui-evidence\screenshots\login__w1920.png
/login	2560	screenshots/login__w2560.png	C:\Users\hinthorozuTUF\Kyrox\fair-crm\frontend\reports\full-ui-evidence\screenshots\login__w2560.png
/login	3440	screenshots/login__w3440.png	C:\Users\hinthorozuTUF\Kyrox\fair-crm\frontend\reports\full-ui-evidence\screenshots\login__w3440.png
/login	3840	screenshots/login__w3840.png	C:\Users\hinthorozuTUF\Kyrox\fair-crm\frontend\reports\full-ui-evidence\screenshots\login__w3840.png
/dashboard	320	screenshots/dashboard__w320.png	C:\Users\hinthorozuTUF\Kyrox\fair-crm\frontend\reports\full-ui-evidence\screenshots\dashboard__w320.png
/dashboard	390	screenshots/dashboard__w390.png	C:\Users\hinthorozuTUF\Kyrox\fair-crm\frontend\reports\full-ui-evidence\screenshots\dashboard__w390.png
/dashboard	767	screenshots/dashboard__w767.png	C:\Users\hinthorozuTUF\Kyrox\fair-crm\frontend\reports\full-ui-evidence\screenshots\dashboard__w767.png
/dashboard	768	screenshots/dashboard__w768.png	C:\Users\hinthorozuTUF\Kyrox\fair-crm\frontend\reports\full-ui-evidence\screenshots\dashboard__w768.png
/dashboard	769	screenshots/dashboard__w769.png	C:\Users\hinthorozuTUF\Kyrox\fair-crm\frontend\reports\full-ui-evidence\screenshots\dashboard__w769.png
/dashboard	1023	screenshots/dashboard__w1023.png	C:\Users\hinthorozuTUF\Kyrox\fair-crm\frontend\reports\full-ui-evidence\screenshots\dashboard__w1023.png
/dashboard	1024	screenshots/dashboard__w1024.png	C:\Users\hinthorozuTUF\Kyrox\fair-crm\frontend\reports\full-ui-evidence\screenshots\dashboard__w1024.png
/dashboard	1025	screenshots/dashboard__w1025.png	C:\Users\hinthorozuTUF\Kyrox\fair-crm\frontend\reports\full-ui-evidence\screenshots\dashboard__w1025.png
/dashboard	1439	screenshots/dashboard__w1439.png	C:\Users\hinthorozuTUF\Kyrox\fair-crm\frontend\reports\full-ui-evidence\screenshots\dashboard__w1439.png
/dashboard	1440	screenshots/dashboard__w1440.png	C:\Users\hinthorozuTUF\Kyrox\fair-crm\frontend\reports\full-ui-evidence\screenshots\dashboard__w1440.png
/dashboard	1441	screenshots/dashboard__w1441.png	C:\Users\hinthorozuTUF\Kyrox\fair-crm\frontend\reports\full-ui-evidence\screenshots\dashboard__w1441.png
/dashboard	1920	screenshots/dashboard__w1920.png	C:\Users\hinthorozuTUF\Kyrox\fair-crm\frontend\reports\full-ui-evidence\screenshots\dashboard__w1920.png
/dashboard	2560	screenshots/dashboard__w2560.png	C:\Users\hinthorozuTUF\Kyrox\fair-crm\frontend\reports\full-ui-evidence\screenshots\dashboard__w2560.png
/dashboard	3440	screenshots/dashboard__w3440.png	C:\Users\hinthorozuTUF\Kyrox\fair-crm\frontend\reports\full-ui-evidence\screenshots\dashboard__w3440.png
/dashboard	3840	screenshots/dashboard__w3840.png	C:\Users\hinthorozuTUF\Kyrox\fair-crm\frontend\reports\full-ui-evidence\screenshots\dashboard__w3840.png
/customers	320	screenshots/customers__w320.png	C:\Users\hinthorozuTUF\Kyrox\fair-crm\frontend\reports\full-ui-evidence\screenshots\customers__w320.png
/customers	390	screenshots/customers__w390.png	C:\Users\hinthorozuTUF\Kyrox\fair-crm\frontend\reports\full-ui-evidence\screenshots\customers__w390.png
/customers	767	screenshots/customers__w767.png	C:\Users\hinthorozuTUF\Kyrox\fair-crm\frontend\reports\full-ui-evidence\screenshots\customers__w767.png
/customers	768	screenshots/customers__w768.png	C:\Users\hinthorozuTUF\Kyrox\fair-crm\frontend\reports\full-ui-evidence\screenshots\customers__w768.png
/customers	769	screenshots/customers__w769.png	C:\Users\hinthorozuTUF\Kyrox\fair-crm\frontend\reports\full-ui-evidence\screenshots\customers__w769.png
/customers	1023	screenshots/customers__w1023.png	C:\Users\hinthorozuTUF\Kyrox\fair-crm\frontend\reports\full-ui-evidence\screenshots\customers__w1023.png
/customers	1024	screenshots/customers__w1024.png	C:\Users\hinthorozuTUF\Kyrox\fair-crm\frontend\reports\full-ui-evidence\screenshots\customers__w1024.png
/customers	1025	screenshots/customers__w1025.png	C:\Users\hinthorozuTUF\Kyrox\fair-crm\frontend\reports\full-ui-evidence\screenshots\customers__w1025.png
/customers	1439	screenshots/customers__w1439.png	C:\Users\hinthorozuTUF\Kyrox\fair-crm\frontend\reports\full-ui-evidence\screenshots\customers__w1439.png
/customers	1440	screenshots/customers__w1440.png	C:\Users\hinthorozuTUF\Kyrox\fair-crm\frontend\reports\full-ui-evidence\screenshots\customers__w1440.png
/customers	1441	screenshots/customers__w1441.png	C:\Users\hinthorozuTUF\Kyrox\fair-crm\frontend\reports\full-ui-evidence\screenshots\customers__w1441.png
/customers	1920	screenshots/customers__w1920.png	C:\Users\hinthorozuTUF\Kyrox\fair-crm\frontend\reports\full-ui-evidence\screenshots\customers__w1920.png
/customers	2560	screenshots/customers__w2560.png	C:\Users\hinthorozuTUF\Kyrox\fair-crm\frontend\reports\full-ui-evidence\screenshots\customers__w2560.png
/customers	3440	screenshots/customers__w3440.png	C:\Users\hinthorozuTUF\Kyrox\fair-crm\frontend\reports\full-ui-evidence\screenshots\customers__w3440.png
/customers	3840	screenshots/customers__w3840.png	C:\Users\hinthorozuTUF\Kyrox\fair-crm\frontend\reports\full-ui-evidence\screenshots\customers__w3840.png
/customers/:id	320	screenshots/customers_id__w320.png	C:\Users\hinthorozuTUF\Kyrox\fair-crm\frontend\reports\full-ui-evidence\screenshots\customers_id__w320.png
/customers/:id	390	screenshots/customers_id__w390.png	C:\Users\hinthorozuTUF\Kyrox\fair-crm\frontend\reports\full-ui-evidence\screenshots\customers_id__w390.png
/customers/:id	767	screenshots/customers_id__w767.png	C:\Users\hinthorozuTUF\Kyrox\fair-crm\frontend\reports\full-ui-evidence\screenshots\customers_id__w767.png
/customers/:id	768	screenshots/customers_id__w768.png	C:\Users\hinthorozuTUF\Kyrox\fair-crm\frontend\reports\full-ui-evidence\screenshots\customers_id__w768.png
/customers/:id	769	screenshots/customers_id__w769.png	C:\Users\hinthorozuTUF\Kyrox\fair-crm\frontend\reports\full-ui-evidence\screenshots\customers_id__w769.png
/customers/:id	1023	screenshots/customers_id__w1023.png	C:\Users\hinthorozuTUF\Kyrox\fair-crm\frontend\reports\full-ui-evidence\screenshots\customers_id__w1023.png
/customers/:id	1024	screenshots/customers_id__w1024.png	C:\Users\hinthorozuTUF\Kyrox\fair-crm\frontend\reports\full-ui-evidence\screenshots\customers_id__w1024.png
/customers/:id	1025	screenshots/customers_id__w1025.png	C:\Users\hinthorozuTUF\Kyrox\fair-crm\frontend\reports\full-ui-evidence\screenshots\customers_id__w1025.png
/customers/:id	1439	screenshots/customers_id__w1439.png	C:\Users\hinthorozuTUF\Kyrox\fair-crm\frontend\reports\full-ui-evidence\screenshots\customers_id__w1439.png
/customers/:id	1440	screenshots/customers_id__w1440.png	C:\Users\hinthorozuTUF\Kyrox\fair-crm\frontend\reports\full-ui-evidence\screenshots\customers_id__w1440.png
/customers/:id	1441	screenshots/customers_id__w1441.png	C:\Users\hinthorozuTUF\Kyrox\fair-crm\frontend\reports\full-ui-evidence\screenshots\customers_id__w1441.png
/customers/:id	1920	screenshots/customers_id__w1920.png	C:\Users\hinthorozuTUF\Kyrox\fair-crm\frontend\reports\full-ui-evidence\screenshots\customers_id__w1920.png
/customers/:id	2560	screenshots/customers_id__w2560.png	C:\Users\hinthorozuTUF\Kyrox\fair-crm\frontend\reports\full-ui-evidence\screenshots\customers_id__w2560.png
/customers/:id	3440	screenshots/customers_id__w3440.png	C:\Users\hinthorozuTUF\Kyrox\fair-crm\frontend\reports\full-ui-evidence\screenshots\customers_id__w3440.png
/customers/:id	3840	screenshots/customers_id__w3840.png	C:\Users\hinthorozuTUF\Kyrox\fair-crm\frontend\reports\full-ui-evidence\screenshots\customers_id__w3840.png
/fairs	320	screenshots/fairs__w320.png	C:\Users\hinthorozuTUF\Kyrox\fair-crm\frontend\reports\full-ui-evidence\screenshots\fairs__w320.png
/fairs	390	screenshots/fairs__w390.png	C:\Users\hinthorozuTUF\Kyrox\fair-crm\frontend\reports\full-ui-evidence\screenshots\fairs__w390.png
/fairs	767	screenshots/fairs__w767.png	C:\Users\hinthorozuTUF\Kyrox\fair-crm\frontend\reports\full-ui-evidence\screenshots\fairs__w767.png
/fairs	768	screenshots/fairs__w768.png	C:\Users\hinthorozuTUF\Kyrox\fair-crm\frontend\reports\full-ui-evidence\screenshots\fairs__w768.png
/fairs	769	screenshots/fairs__w769.png	C:\Users\hinthorozuTUF\Kyrox\fair-crm\frontend\reports\full-ui-evidence\screenshots\fairs__w769.png
/fairs	1023	screenshots/fairs__w1023.png	C:\Users\hinthorozuTUF\Kyrox\fair-crm\frontend\reports\full-ui-evidence\screenshots\fairs__w1023.png
/fairs	1024	screenshots/fairs__w1024.png	C:\Users\hinthorozuTUF\Kyrox\fair-crm\frontend\reports\full-ui-evidence\screenshots\fairs__w1024.png
/fairs	1025	screenshots/fairs__w1025.png	C:\Users\hinthorozuTUF\Kyrox\fair-crm\frontend\reports\full-ui-evidence\screenshots\fairs__w1025.png
/fairs	1439	screenshots/fairs__w1439.png	C:\Users\hinthorozuTUF\Kyrox\fair-crm\frontend\reports\full-ui-evidence\screenshots\fairs__w1439.png
/fairs	1440	screenshots/fairs__w1440.png	C:\Users\hinthorozuTUF\Kyrox\fair-crm\frontend\reports\full-ui-evidence\screenshots\fairs__w1440.png
/fairs	1441	screenshots/fairs__w1441.png	C:\Users\hinthorozuTUF\Kyrox\fair-crm\frontend\reports\full-ui-evidence\screenshots\fairs__w1441.png
/fairs	1920	screenshots/fairs__w1920.png	C:\Users\hinthorozuTUF\Kyrox\fair-crm\frontend\reports\full-ui-evidence\screenshots\fairs__w1920.png
/fairs	2560	screenshots/fairs__w2560.png	C:\Users\hinthorozuTUF\Kyrox\fair-crm\frontend\reports\full-ui-evidence\screenshots\fairs__w2560.png
/fairs	3440	screenshots/fairs__w3440.png	C:\Users\hinthorozuTUF\Kyrox\fair-crm\frontend\reports\full-ui-evidence\screenshots\fairs__w3440.png
/fairs	3840	screenshots/fairs__w3840.png	C:\Users\hinthorozuTUF\Kyrox\fair-crm\frontend\reports\full-ui-evidence\screenshots\fairs__w3840.png
/fairs/:id	320	screenshots/fairs_id__w320.png	C:\Users\hinthorozuTUF\Kyrox\fair-crm\frontend\reports\full-ui-evidence\screenshots\fairs_id__w320.png
/fairs/:id	390	screenshots/fairs_id__w390.png	C:\Users\hinthorozuTUF\Kyrox\fair-crm\frontend\reports\full-ui-evidence\screenshots\fairs_id__w390.png
/fairs/:id	767	screenshots/fairs_id__w767.png	C:\Users\hinthorozuTUF\Kyrox\fair-crm\frontend\reports\full-ui-evidence\screenshots\fairs_id__w767.png
/fairs/:id	768	screenshots/fairs_id__w768.png	C:\Users\hinthorozuTUF\Kyrox\fair-crm\frontend\reports\full-ui-evidence\screenshots\fairs_id__w768.png
/fairs/:id	769	screenshots/fairs_id__w769.png	C:\Users\hinthorozuTUF\Kyrox\fair-crm\frontend\reports\full-ui-evidence\screenshots\fairs_id__w769.png
/fairs/:id	1023	screenshots/fairs_id__w1023.png	C:\Users\hinthorozuTUF\Kyrox\fair-crm\frontend\reports\full-ui-evidence\screenshots\fairs_id__w1023.png
/fairs/:id	1024	screenshots/fairs_id__w1024.png	C:\Users\hinthorozuTUF\Kyrox\fair-crm\frontend\reports\full-ui-evidence\screenshots\fairs_id__w1024.png
/fairs/:id	1025	screenshots/fairs_id__w1025.png	C:\Users\hinthorozuTUF\Kyrox\fair-crm\frontend\reports\full-ui-evidence\screenshots\fairs_id__w1025.png
/fairs/:id	1439	screenshots/fairs_id__w1439.png	C:\Users\hinthorozuTUF\Kyrox\fair-crm\frontend\reports\full-ui-evidence\screenshots\fairs_id__w1439.png
/fairs/:id	1440	screenshots/fairs_id__w1440.png	C:\Users\hinthorozuTUF\Kyrox\fair-crm\frontend\reports\full-ui-evidence\screenshots\fairs_id__w1440.png
/fairs/:id	1441	screenshots/fairs_id__w1441.png	C:\Users\hinthorozuTUF\Kyrox\fair-crm\frontend\reports\full-ui-evidence\screenshots\fairs_id__w1441.png
/fairs/:id	1920	screenshots/fairs_id__w1920.png	C:\Users\hinthorozuTUF\Kyrox\fair-crm\frontend\reports\full-ui-evidence\screenshots\fairs_id__w1920.png
/fairs/:id	2560	screenshots/fairs_id__w2560.png	C:\Users\hinthorozuTUF\Kyrox\fair-crm\frontend\reports\full-ui-evidence\screenshots\fairs_id__w2560.png
/fairs/:id	3440	screenshots/fairs_id__w3440.png	C:\Users\hinthorozuTUF\Kyrox\fair-crm\frontend\reports\full-ui-evidence\screenshots\fairs_id__w3440.png
/fairs/:id	3840	screenshots/fairs_id__w3840.png	C:\Users\hinthorozuTUF\Kyrox\fair-crm\frontend\reports\full-ui-evidence\screenshots\fairs_id__w3840.png
/fairs/:id/enrichment	320	screenshots/fairs_id_enrichment__w320.png	C:\Users\hinthorozuTUF\Kyrox\fair-crm\frontend\reports\full-ui-evidence\screenshots\fairs_id_enrichment__w320.png
/fairs/:id/enrichment	390	screenshots/fairs_id_enrichment__w390.png	C:\Users\hinthorozuTUF\Kyrox\fair-crm\frontend\reports\full-ui-evidence\screenshots\fairs_id_enrichment__w390.png
/fairs/:id/enrichment	767	screenshots/fairs_id_enrichment__w767.png	C:\Users\hinthorozuTUF\Kyrox\fair-crm\frontend\reports\full-ui-evidence\screenshots\fairs_id_enrichment__w767.png
/fairs/:id/enrichment	768	screenshots/fairs_id_enrichment__w768.png	C:\Users\hinthorozuTUF\Kyrox\fair-crm\frontend\reports\full-ui-evidence\screenshots\fairs_id_enrichment__w768.png
/fairs/:id/enrichment	769	screenshots/fairs_id_enrichment__w769.png	C:\Users\hinthorozuTUF\Kyrox\fair-crm\frontend\reports\full-ui-evidence\screenshots\fairs_id_enrichment__w769.png
/fairs/:id/enrichment	1023	screenshots/fairs_id_enrichment__w1023.png	C:\Users\hinthorozuTUF\Kyrox\fair-crm\frontend\reports\full-ui-evidence\screenshots\fairs_id_enrichment__w1023.png
/fairs/:id/enrichment	1024	screenshots/fairs_id_enrichment__w1024.png	C:\Users\hinthorozuTUF\Kyrox\fair-crm\frontend\reports\full-ui-evidence\screenshots\fairs_id_enrichment__w1024.png
/fairs/:id/enrichment	1025	screenshots/fairs_id_enrichment__w1025.png	C:\Users\hinthorozuTUF\Kyrox\fair-crm\frontend\reports\full-ui-evidence\screenshots\fairs_id_enrichment__w1025.png
/fairs/:id/enrichment	1439	screenshots/fairs_id_enrichment__w1439.png	C:\Users\hinthorozuTUF\Kyrox\fair-crm\frontend\reports\full-ui-evidence\screenshots\fairs_id_enrichment__w1439.png
/fairs/:id/enrichment	1440	screenshots/fairs_id_enrichment__w1440.png	C:\Users\hinthorozuTUF\Kyrox\fair-crm\frontend\reports\full-ui-evidence\screenshots\fairs_id_enrichment__w1440.png
/fairs/:id/enrichment	1441	screenshots/fairs_id_enrichment__w1441.png	C:\Users\hinthorozuTUF\Kyrox\fair-crm\frontend\reports\full-ui-evidence\screenshots\fairs_id_enrichment__w1441.png
/fairs/:id/enrichment	1920	screenshots/fairs_id_enrichment__w1920.png	C:\Users\hinthorozuTUF\Kyrox\fair-crm\frontend\reports\full-ui-evidence\screenshots\fairs_id_enrichment__w1920.png
/fairs/:id/enrichment	2560	screenshots/fairs_id_enrichment__w2560.png	C:\Users\hinthorozuTUF\Kyrox\fair-crm\frontend\reports\full-ui-evidence\screenshots\fairs_id_enrichment__w2560.png
/fairs/:id/enrichment	3440	screenshots/fairs_id_enrichment__w3440.png	C:\Users\hinthorozuTUF\Kyrox\fair-crm\frontend\reports\full-ui-evidence\screenshots\fairs_id_enrichment__w3440.png
/fairs/:id/enrichment	3840	screenshots/fairs_id_enrichment__w3840.png	C:\Users\hinthorozuTUF\Kyrox\fair-crm\frontend\reports\full-ui-evidence\screenshots\fairs_id_enrichment__w3840.png
/todos	320	screenshots/todos__w320.png	C:\Users\hinthorozuTUF\Kyrox\fair-crm\frontend\reports\full-ui-evidence\screenshots\todos__w320.png
/todos	390	screenshots/todos__w390.png	C:\Users\hinthorozuTUF\Kyrox\fair-crm\frontend\reports\full-ui-evidence\screenshots\todos__w390.png
/todos	767	screenshots/todos__w767.png	C:\Users\hinthorozuTUF\Kyrox\fair-crm\frontend\reports\full-ui-evidence\screenshots\todos__w767.png
/todos	768	screenshots/todos__w768.png	C:\Users\hinthorozuTUF\Kyrox\fair-crm\frontend\reports\full-ui-evidence\screenshots\todos__w768.png
/todos	769	screenshots/todos__w769.png	C:\Users\hinthorozuTUF\Kyrox\fair-crm\frontend\reports\full-ui-evidence\screenshots\todos__w769.png
/todos	1023	screenshots/todos__w1023.png	C:\Users\hinthorozuTUF\Kyrox\fair-crm\frontend\reports\full-ui-evidence\screenshots\todos__w1023.png
/todos	1024	screenshots/todos__w1024.png	C:\Users\hinthorozuTUF\Kyrox\fair-crm\frontend\reports\full-ui-evidence\screenshots\todos__w1024.png
/todos	1025	screenshots/todos__w1025.png	C:\Users\hinthorozuTUF\Kyrox\fair-crm\frontend\reports\full-ui-evidence\screenshots\todos__w1025.png
/todos	1439	screenshots/todos__w1439.png	C:\Users\hinthorozuTUF\Kyrox\fair-crm\frontend\reports\full-ui-evidence\screenshots\todos__w1439.png
/todos	1440	screenshots/todos__w1440.png	C:\Users\hinthorozuTUF\Kyrox\fair-crm\frontend\reports\full-ui-evidence\screenshots\todos__w1440.png
/todos	1441	screenshots/todos__w1441.png	C:\Users\hinthorozuTUF\Kyrox\fair-crm\frontend\reports\full-ui-evidence\screenshots\todos__w1441.png
/todos	1920	screenshots/todos__w1920.png	C:\Users\hinthorozuTUF\Kyrox\fair-crm\frontend\reports\full-ui-evidence\screenshots\todos__w1920.png
/todos	2560	screenshots/todos__w2560.png	C:\Users\hinthorozuTUF\Kyrox\fair-crm\frontend\reports\full-ui-evidence\screenshots\todos__w2560.png
/todos	3440	screenshots/todos__w3440.png	C:\Users\hinthorozuTUF\Kyrox\fair-crm\frontend\reports\full-ui-evidence\screenshots\todos__w3440.png
/todos	3840	screenshots/todos__w3840.png	C:\Users\hinthorozuTUF\Kyrox\fair-crm\frontend\reports\full-ui-evidence\screenshots\todos__w3840.png
/todos/:id	320	screenshots/todos_id__w320.png	C:\Users\hinthorozuTUF\Kyrox\fair-crm\frontend\reports\full-ui-evidence\screenshots\todos_id__w320.png
/todos/:id	390	screenshots/todos_id__w390.png	C:\Users\hinthorozuTUF\Kyrox\fair-crm\frontend\reports\full-ui-evidence\screenshots\todos_id__w390.png
/todos/:id	767	screenshots/todos_id__w767.png	C:\Users\hinthorozuTUF\Kyrox\fair-crm\frontend\reports\full-ui-evidence\screenshots\todos_id__w767.png
/todos/:id	768	screenshots/todos_id__w768.png	C:\Users\hinthorozuTUF\Kyrox\fair-crm\frontend\reports\full-ui-evidence\screenshots\todos_id__w768.png
/todos/:id	769	screenshots/todos_id__w769.png	C:\Users\hinthorozuTUF\Kyrox\fair-crm\frontend\reports\full-ui-evidence\screenshots\todos_id__w769.png
/todos/:id	1023	screenshots/todos_id__w1023.png	C:\Users\hinthorozuTUF\Kyrox\fair-crm\frontend\reports\full-ui-evidence\screenshots\todos_id__w1023.png
/todos/:id	1024	screenshots/todos_id__w1024.png	C:\Users\hinthorozuTUF\Kyrox\fair-crm\frontend\reports\full-ui-evidence\screenshots\todos_id__w1024.png
/todos/:id	1025	screenshots/todos_id__w1025.png	C:\Users\hinthorozuTUF\Kyrox\fair-crm\frontend\reports\full-ui-evidence\screenshots\todos_id__w1025.png
/todos/:id	1439	screenshots/todos_id__w1439.png	C:\Users\hinthorozuTUF\Kyrox\fair-crm\frontend\reports\full-ui-evidence\screenshots\todos_id__w1439.png
/todos/:id	1440	screenshots/todos_id__w1440.png	C:\Users\hinthorozuTUF\Kyrox\fair-crm\frontend\reports\full-ui-evidence\screenshots\todos_id__w1440.png
/todos/:id	1441	screenshots/todos_id__w1441.png	C:\Users\hinthorozuTUF\Kyrox\fair-crm\frontend\reports\full-ui-evidence\screenshots\todos_id__w1441.png
/todos/:id	1920	screenshots/todos_id__w1920.png	C:\Users\hinthorozuTUF\Kyrox\fair-crm\frontend\reports\full-ui-evidence\screenshots\todos_id__w1920.png
/todos/:id	2560	screenshots/todos_id__w2560.png	C:\Users\hinthorozuTUF\Kyrox\fair-crm\frontend\reports\full-ui-evidence\screenshots\todos_id__w2560.png
/todos/:id	3440	screenshots/todos_id__w3440.png	C:\Users\hinthorozuTUF\Kyrox\fair-crm\frontend\reports\full-ui-evidence\screenshots\todos_id__w3440.png
/todos/:id	3840	screenshots/todos_id__w3840.png	C:\Users\hinthorozuTUF\Kyrox\fair-crm\frontend\reports\full-ui-evidence\screenshots\todos_id__w3840.png
/follow-ups	320	screenshots/follow-ups__w320.png	C:\Users\hinthorozuTUF\Kyrox\fair-crm\frontend\reports\full-ui-evidence\screenshots\follow-ups__w320.png
/follow-ups	390	screenshots/follow-ups__w390.png	C:\Users\hinthorozuTUF\Kyrox\fair-crm\frontend\reports\full-ui-evidence\screenshots\follow-ups__w390.png
/follow-ups	767	screenshots/follow-ups__w767.png	C:\Users\hinthorozuTUF\Kyrox\fair-crm\frontend\reports\full-ui-evidence\screenshots\follow-ups__w767.png
/follow-ups	768	screenshots/follow-ups__w768.png	C:\Users\hinthorozuTUF\Kyrox\fair-crm\frontend\reports\full-ui-evidence\screenshots\follow-ups__w768.png
/follow-ups	769	screenshots/follow-ups__w769.png	C:\Users\hinthorozuTUF\Kyrox\fair-crm\frontend\reports\full-ui-evidence\screenshots\follow-ups__w769.png
/follow-ups	1023	screenshots/follow-ups__w1023.png	C:\Users\hinthorozuTUF\Kyrox\fair-crm\frontend\reports\full-ui-evidence\screenshots\follow-ups__w1023.png
/follow-ups	1024	screenshots/follow-ups__w1024.png	C:\Users\hinthorozuTUF\Kyrox\fair-crm\frontend\reports\full-ui-evidence\screenshots\follow-ups__w1024.png
/follow-ups	1025	screenshots/follow-ups__w1025.png	C:\Users\hinthorozuTUF\Kyrox\fair-crm\frontend\reports\full-ui-evidence\screenshots\follow-ups__w1025.png
/follow-ups	1439	screenshots/follow-ups__w1439.png	C:\Users\hinthorozuTUF\Kyrox\fair-crm\frontend\reports\full-ui-evidence\screenshots\follow-ups__w1439.png
/follow-ups	1440	screenshots/follow-ups__w1440.png	C:\Users\hinthorozuTUF\Kyrox\fair-crm\frontend\reports\full-ui-evidence\screenshots\follow-ups__w1440.png
/follow-ups	1441	screenshots/follow-ups__w1441.png	C:\Users\hinthorozuTUF\Kyrox\fair-crm\frontend\reports\full-ui-evidence\screenshots\follow-ups__w1441.png
/follow-ups	1920	screenshots/follow-ups__w1920.png	C:\Users\hinthorozuTUF\Kyrox\fair-crm\frontend\reports\full-ui-evidence\screenshots\follow-ups__w1920.png
/follow-ups	2560	screenshots/follow-ups__w2560.png	C:\Users\hinthorozuTUF\Kyrox\fair-crm\frontend\reports\full-ui-evidence\screenshots\follow-ups__w2560.png
/follow-ups	3440	screenshots/follow-ups__w3440.png	C:\Users\hinthorozuTUF\Kyrox\fair-crm\frontend\reports\full-ui-evidence\screenshots\follow-ups__w3440.png
/follow-ups	3840	screenshots/follow-ups__w3840.png	C:\Users\hinthorozuTUF\Kyrox\fair-crm\frontend\reports\full-ui-evidence\screenshots\follow-ups__w3840.png
/activities	320	screenshots/activities__w320.png	C:\Users\hinthorozuTUF\Kyrox\fair-crm\frontend\reports\full-ui-evidence\screenshots\activities__w320.png
/activities	390	screenshots/activities__w390.png	C:\Users\hinthorozuTUF\Kyrox\fair-crm\frontend\reports\full-ui-evidence\screenshots\activities__w390.png
/activities	767	screenshots/activities__w767.png	C:\Users\hinthorozuTUF\Kyrox\fair-crm\frontend\reports\full-ui-evidence\screenshots\activities__w767.png
/activities	768	screenshots/activities__w768.png	C:\Users\hinthorozuTUF\Kyrox\fair-crm\frontend\reports\full-ui-evidence\screenshots\activities__w768.png
/activities	769	screenshots/activities__w769.png	C:\Users\hinthorozuTUF\Kyrox\fair-crm\frontend\reports\full-ui-evidence\screenshots\activities__w769.png
/activities	1023	screenshots/activities__w1023.png	C:\Users\hinthorozuTUF\Kyrox\fair-crm\frontend\reports\full-ui-evidence\screenshots\activities__w1023.png
/activities	1024	screenshots/activities__w1024.png	C:\Users\hinthorozuTUF\Kyrox\fair-crm\frontend\reports\full-ui-evidence\screenshots\activities__w1024.png
/activities	1025	screenshots/activities__w1025.png	C:\Users\hinthorozuTUF\Kyrox\fair-crm\frontend\reports\full-ui-evidence\screenshots\activities__w1025.png
/activities	1439	screenshots/activities__w1439.png	C:\Users\hinthorozuTUF\Kyrox\fair-crm\frontend\reports\full-ui-evidence\screenshots\activities__w1439.png
/activities	1440	screenshots/activities__w1440.png	C:\Users\hinthorozuTUF\Kyrox\fair-crm\frontend\reports\full-ui-evidence\screenshots\activities__w1440.png
/activities	1441	screenshots/activities__w1441.png	C:\Users\hinthorozuTUF\Kyrox\fair-crm\frontend\reports\full-ui-evidence\screenshots\activities__w1441.png
/activities	1920	screenshots/activities__w1920.png	C:\Users\hinthorozuTUF\Kyrox\fair-crm\frontend\reports\full-ui-evidence\screenshots\activities__w1920.png
/activities	2560	screenshots/activities__w2560.png	C:\Users\hinthorozuTUF\Kyrox\fair-crm\frontend\reports\full-ui-evidence\screenshots\activities__w2560.png
/activities	3440	screenshots/activities__w3440.png	C:\Users\hinthorozuTUF\Kyrox\fair-crm\frontend\reports\full-ui-evidence\screenshots\activities__w3440.png
/activities	3840	screenshots/activities__w3840.png	C:\Users\hinthorozuTUF\Kyrox\fair-crm\frontend\reports\full-ui-evidence\screenshots\activities__w3840.png
/data-integration/imports	320	screenshots/data-integration_imports__w320.png	C:\Users\hinthorozuTUF\Kyrox\fair-crm\frontend\reports\full-ui-evidence\screenshots\data-integration_imports__w320.png
/data-integration/imports	390	screenshots/data-integration_imports__w390.png	C:\Users\hinthorozuTUF\Kyrox\fair-crm\frontend\reports\full-ui-evidence\screenshots\data-integration_imports__w390.png
/data-integration/imports	767	screenshots/data-integration_imports__w767.png	C:\Users\hinthorozuTUF\Kyrox\fair-crm\frontend\reports\full-ui-evidence\screenshots\data-integration_imports__w767.png
/data-integration/imports	768	screenshots/data-integration_imports__w768.png	C:\Users\hinthorozuTUF\Kyrox\fair-crm\frontend\reports\full-ui-evidence\screenshots\data-integration_imports__w768.png
/data-integration/imports	769	screenshots/data-integration_imports__w769.png	C:\Users\hinthorozuTUF\Kyrox\fair-crm\frontend\reports\full-ui-evidence\screenshots\data-integration_imports__w769.png
/data-integration/imports	1023	screenshots/data-integration_imports__w1023.png	C:\Users\hinthorozuTUF\Kyrox\fair-crm\frontend\reports\full-ui-evidence\screenshots\data-integration_imports__w1023.png
/data-integration/imports	1024	screenshots/data-integration_imports__w1024.png	C:\Users\hinthorozuTUF\Kyrox\fair-crm\frontend\reports\full-ui-evidence\screenshots\data-integration_imports__w1024.png
/data-integration/imports	1025	screenshots/data-integration_imports__w1025.png	C:\Users\hinthorozuTUF\Kyrox\fair-crm\frontend\reports\full-ui-evidence\screenshots\data-integration_imports__w1025.png
/data-integration/imports	1439	screenshots/data-integration_imports__w1439.png	C:\Users\hinthorozuTUF\Kyrox\fair-crm\frontend\reports\full-ui-evidence\screenshots\data-integration_imports__w1439.png
/data-integration/imports	1440	screenshots/data-integration_imports__w1440.png	C:\Users\hinthorozuTUF\Kyrox\fair-crm\frontend\reports\full-ui-evidence\screenshots\data-integration_imports__w1440.png
/data-integration/imports	1441	screenshots/data-integration_imports__w1441.png	C:\Users\hinthorozuTUF\Kyrox\fair-crm\frontend\reports\full-ui-evidence\screenshots\data-integration_imports__w1441.png
/data-integration/imports	1920	screenshots/data-integration_imports__w1920.png	C:\Users\hinthorozuTUF\Kyrox\fair-crm\frontend\reports\full-ui-evidence\screenshots\data-integration_imports__w1920.png
/data-integration/imports	2560	screenshots/data-integration_imports__w2560.png	C:\Users\hinthorozuTUF\Kyrox\fair-crm\frontend\reports\full-ui-evidence\screenshots\data-integration_imports__w2560.png
/data-integration/imports	3440	screenshots/data-integration_imports__w3440.png	C:\Users\hinthorozuTUF\Kyrox\fair-crm\frontend\reports\full-ui-evidence\screenshots\data-integration_imports__w3440.png
/data-integration/imports	3840	screenshots/data-integration_imports__w3840.png	C:\Users\hinthorozuTUF\Kyrox\fair-crm\frontend\reports\full-ui-evidence\screenshots\data-integration_imports__w3840.png
/data-integration/imports/new	320	screenshots/data-integration_imports_new__w320.png	C:\Users\hinthorozuTUF\Kyrox\fair-crm\frontend\reports\full-ui-evidence\screenshots\data-integration_imports_new__w320.png
/data-integration/imports/new	390	screenshots/data-integration_imports_new__w390.png	C:\Users\hinthorozuTUF\Kyrox\fair-crm\frontend\reports\full-ui-evidence\screenshots\data-integration_imports_new__w390.png
/data-integration/imports/new	767	screenshots/data-integration_imports_new__w767.png	C:\Users\hinthorozuTUF\Kyrox\fair-crm\frontend\reports\full-ui-evidence\screenshots\data-integration_imports_new__w767.png
/data-integration/imports/new	768	screenshots/data-integration_imports_new__w768.png	C:\Users\hinthorozuTUF\Kyrox\fair-crm\frontend\reports\full-ui-evidence\screenshots\data-integration_imports_new__w768.png
/data-integration/imports/new	769	screenshots/data-integration_imports_new__w769.png	C:\Users\hinthorozuTUF\Kyrox\fair-crm\frontend\reports\full-ui-evidence\screenshots\data-integration_imports_new__w769.png
/data-integration/imports/new	1023	screenshots/data-integration_imports_new__w1023.png	C:\Users\hinthorozuTUF\Kyrox\fair-crm\frontend\reports\full-ui-evidence\screenshots\data-integration_imports_new__w1023.png
/data-integration/imports/new	1024	screenshots/data-integration_imports_new__w1024.png	C:\Users\hinthorozuTUF\Kyrox\fair-crm\frontend\reports\full-ui-evidence\screenshots\data-integration_imports_new__w1024.png
/data-integration/imports/new	1025	screenshots/data-integration_imports_new__w1025.png	C:\Users\hinthorozuTUF\Kyrox\fair-crm\frontend\reports\full-ui-evidence\screenshots\data-integration_imports_new__w1025.png
/data-integration/imports/new	1439	screenshots/data-integration_imports_new__w1439.png	C:\Users\hinthorozuTUF\Kyrox\fair-crm\frontend\reports\full-ui-evidence\screenshots\data-integration_imports_new__w1439.png
/data-integration/imports/new	1440	screenshots/data-integration_imports_new__w1440.png	C:\Users\hinthorozuTUF\Kyrox\fair-crm\frontend\reports\full-ui-evidence\screenshots\data-integration_imports_new__w1440.png
/data-integration/imports/new	1441	screenshots/data-integration_imports_new__w1441.png	C:\Users\hinthorozuTUF\Kyrox\fair-crm\frontend\reports\full-ui-evidence\screenshots\data-integration_imports_new__w1441.png
/data-integration/imports/new	1920	screenshots/data-integration_imports_new__w1920.png	C:\Users\hinthorozuTUF\Kyrox\fair-crm\frontend\reports\full-ui-evidence\screenshots\data-integration_imports_new__w1920.png
/data-integration/imports/new	2560	screenshots/data-integration_imports_new__w2560.png	C:\Users\hinthorozuTUF\Kyrox\fair-crm\frontend\reports\full-ui-evidence\screenshots\data-integration_imports_new__w2560.png
/data-integration/imports/new	3440	screenshots/data-integration_imports_new__w3440.png	C:\Users\hinthorozuTUF\Kyrox\fair-crm\frontend\reports\full-ui-evidence\screenshots\data-integration_imports_new__w3440.png
/data-integration/imports/new	3840	screenshots/data-integration_imports_new__w3840.png	C:\Users\hinthorozuTUF\Kyrox\fair-crm\frontend\reports\full-ui-evidence\screenshots\data-integration_imports_new__w3840.png
/data-integration/imports/fair/:fairId	320	screenshots/data-integration_imports_fair_fairId__w320.png	C:\Users\hinthorozuTUF\Kyrox\fair-crm\frontend\reports\full-ui-evidence\screenshots\data-integration_imports_fair_fairId__w320.png
/data-integration/imports/fair/:fairId	390	screenshots/data-integration_imports_fair_fairId__w390.png	C:\Users\hinthorozuTUF\Kyrox\fair-crm\frontend\reports\full-ui-evidence\screenshots\data-integration_imports_fair_fairId__w390.png
/data-integration/imports/fair/:fairId	767	screenshots/data-integration_imports_fair_fairId__w767.png	C:\Users\hinthorozuTUF\Kyrox\fair-crm\frontend\reports\full-ui-evidence\screenshots\data-integration_imports_fair_fairId__w767.png
/data-integration/imports/fair/:fairId	768	screenshots/data-integration_imports_fair_fairId__w768.png	C:\Users\hinthorozuTUF\Kyrox\fair-crm\frontend\reports\full-ui-evidence\screenshots\data-integration_imports_fair_fairId__w768.png
/data-integration/imports/fair/:fairId	769	screenshots/data-integration_imports_fair_fairId__w769.png	C:\Users\hinthorozuTUF\Kyrox\fair-crm\frontend\reports\full-ui-evidence\screenshots\data-integration_imports_fair_fairId__w769.png
/data-integration/imports/fair/:fairId	1023	screenshots/data-integration_imports_fair_fairId__w1023.png	C:\Users\hinthorozuTUF\Kyrox\fair-crm\frontend\reports\full-ui-evidence\screenshots\data-integration_imports_fair_fairId__w1023.png
/data-integration/imports/fair/:fairId	1024	screenshots/data-integration_imports_fair_fairId__w1024.png	C:\Users\hinthorozuTUF\Kyrox\fair-crm\frontend\reports\full-ui-evidence\screenshots\data-integration_imports_fair_fairId__w1024.png
/data-integration/imports/fair/:fairId	1025	screenshots/data-integration_imports_fair_fairId__w1025.png	C:\Users\hinthorozuTUF\Kyrox\fair-crm\frontend\reports\full-ui-evidence\screenshots\data-integration_imports_fair_fairId__w1025.png
/data-integration/imports/fair/:fairId	1439	screenshots/data-integration_imports_fair_fairId__w1439.png	C:\Users\hinthorozuTUF\Kyrox\fair-crm\frontend\reports\full-ui-evidence\screenshots\data-integration_imports_fair_fairId__w1439.png
/data-integration/imports/fair/:fairId	1440	screenshots/data-integration_imports_fair_fairId__w1440.png	C:\Users\hinthorozuTUF\Kyrox\fair-crm\frontend\reports\full-ui-evidence\screenshots\data-integration_imports_fair_fairId__w1440.png
/data-integration/imports/fair/:fairId	1441	screenshots/data-integration_imports_fair_fairId__w1441.png	C:\Users\hinthorozuTUF\Kyrox\fair-crm\frontend\reports\full-ui-evidence\screenshots\data-integration_imports_fair_fairId__w1441.png
/data-integration/imports/fair/:fairId	1920	screenshots/data-integration_imports_fair_fairId__w1920.png	C:\Users\hinthorozuTUF\Kyrox\fair-crm\frontend\reports\full-ui-evidence\screenshots\data-integration_imports_fair_fairId__w1920.png
/data-integration/imports/fair/:fairId	2560	screenshots/data-integration_imports_fair_fairId__w2560.png	C:\Users\hinthorozuTUF\Kyrox\fair-crm\frontend\reports\full-ui-evidence\screenshots\data-integration_imports_fair_fairId__w2560.png
/data-integration/imports/fair/:fairId	3440	screenshots/data-integration_imports_fair_fairId__w3440.png	C:\Users\hinthorozuTUF\Kyrox\fair-crm\frontend\reports\full-ui-evidence\screenshots\data-integration_imports_fair_fairId__w3440.png
/data-integration/imports/fair/:fairId	3840	screenshots/data-integration_imports_fair_fairId__w3840.png	C:\Users\hinthorozuTUF\Kyrox\fair-crm\frontend\reports\full-ui-evidence\screenshots\data-integration_imports_fair_fairId__w3840.png
/data-integration/jobs	320	screenshots/data-integration_jobs__w320.png	C:\Users\hinthorozuTUF\Kyrox\fair-crm\frontend\reports\full-ui-evidence\screenshots\data-integration_jobs__w320.png
/data-integration/jobs	390	screenshots/data-integration_jobs__w390.png	C:\Users\hinthorozuTUF\Kyrox\fair-crm\frontend\reports\full-ui-evidence\screenshots\data-integration_jobs__w390.png
/data-integration/jobs	767	screenshots/data-integration_jobs__w767.png	C:\Users\hinthorozuTUF\Kyrox\fair-crm\frontend\reports\full-ui-evidence\screenshots\data-integration_jobs__w767.png
/data-integration/jobs	768	screenshots/data-integration_jobs__w768.png	C:\Users\hinthorozuTUF\Kyrox\fair-crm\frontend\reports\full-ui-evidence\screenshots\data-integration_jobs__w768.png
/data-integration/jobs	769	screenshots/data-integration_jobs__w769.png	C:\Users\hinthorozuTUF\Kyrox\fair-crm\frontend\reports\full-ui-evidence\screenshots\data-integration_jobs__w769.png
/data-integration/jobs	1023	screenshots/data-integration_jobs__w1023.png	C:\Users\hinthorozuTUF\Kyrox\fair-crm\frontend\reports\full-ui-evidence\screenshots\data-integration_jobs__w1023.png
/data-integration/jobs	1024	screenshots/data-integration_jobs__w1024.png	C:\Users\hinthorozuTUF\Kyrox\fair-crm\frontend\reports\full-ui-evidence\screenshots\data-integration_jobs__w1024.png
/data-integration/jobs	1025	screenshots/data-integration_jobs__w1025.png	C:\Users\hinthorozuTUF\Kyrox\fair-crm\frontend\reports\full-ui-evidence\screenshots\data-integration_jobs__w1025.png
/data-integration/jobs	1439	screenshots/data-integration_jobs__w1439.png	C:\Users\hinthorozuTUF\Kyrox\fair-crm\frontend\reports\full-ui-evidence\screenshots\data-integration_jobs__w1439.png
/data-integration/jobs	1440	screenshots/data-integration_jobs__w1440.png	C:\Users\hinthorozuTUF\Kyrox\fair-crm\frontend\reports\full-ui-evidence\screenshots\data-integration_jobs__w1440.png
/data-integration/jobs	1441	screenshots/data-integration_jobs__w1441.png	C:\Users\hinthorozuTUF\Kyrox\fair-crm\frontend\reports\full-ui-evidence\screenshots\data-integration_jobs__w1441.png
/data-integration/jobs	1920	screenshots/data-integration_jobs__w1920.png	C:\Users\hinthorozuTUF\Kyrox\fair-crm\frontend\reports\full-ui-evidence\screenshots\data-integration_jobs__w1920.png
/data-integration/jobs	2560	screenshots/data-integration_jobs__w2560.png	C:\Users\hinthorozuTUF\Kyrox\fair-crm\frontend\reports\full-ui-evidence\screenshots\data-integration_jobs__w2560.png
/data-integration/jobs	3440	screenshots/data-integration_jobs__w3440.png	C:\Users\hinthorozuTUF\Kyrox\fair-crm\frontend\reports\full-ui-evidence\screenshots\data-integration_jobs__w3440.png
/data-integration/jobs	3840	screenshots/data-integration_jobs__w3840.png	C:\Users\hinthorozuTUF\Kyrox\fair-crm\frontend\reports\full-ui-evidence\screenshots\data-integration_jobs__w3840.png
/data-integration/reports	320	screenshots/data-integration_reports__w320.png	C:\Users\hinthorozuTUF\Kyrox\fair-crm\frontend\reports\full-ui-evidence\screenshots\data-integration_reports__w320.png
/data-integration/reports	390	screenshots/data-integration_reports__w390.png	C:\Users\hinthorozuTUF\Kyrox\fair-crm\frontend\reports\full-ui-evidence\screenshots\data-integration_reports__w390.png
/data-integration/reports	767	screenshots/data-integration_reports__w767.png	C:\Users\hinthorozuTUF\Kyrox\fair-crm\frontend\reports\full-ui-evidence\screenshots\data-integration_reports__w767.png
/data-integration/reports	768	screenshots/data-integration_reports__w768.png	C:\Users\hinthorozuTUF\Kyrox\fair-crm\frontend\reports\full-ui-evidence\screenshots\data-integration_reports__w768.png
/data-integration/reports	769	screenshots/data-integration_reports__w769.png	C:\Users\hinthorozuTUF\Kyrox\fair-crm\frontend\reports\full-ui-evidence\screenshots\data-integration_reports__w769.png
/data-integration/reports	1023	screenshots/data-integration_reports__w1023.png	C:\Users\hinthorozuTUF\Kyrox\fair-crm\frontend\reports\full-ui-evidence\screenshots\data-integration_reports__w1023.png
/data-integration/reports	1024	screenshots/data-integration_reports__w1024.png	C:\Users\hinthorozuTUF\Kyrox\fair-crm\frontend\reports\full-ui-evidence\screenshots\data-integration_reports__w1024.png
/data-integration/reports	1025	screenshots/data-integration_reports__w1025.png	C:\Users\hinthorozuTUF\Kyrox\fair-crm\frontend\reports\full-ui-evidence\screenshots\data-integration_reports__w1025.png
/data-integration/reports	1439	screenshots/data-integration_reports__w1439.png	C:\Users\hinthorozuTUF\Kyrox\fair-crm\frontend\reports\full-ui-evidence\screenshots\data-integration_reports__w1439.png
/data-integration/reports	1440	screenshots/data-integration_reports__w1440.png	C:\Users\hinthorozuTUF\Kyrox\fair-crm\frontend\reports\full-ui-evidence\screenshots\data-integration_reports__w1440.png
/data-integration/reports	1441	screenshots/data-integration_reports__w1441.png	C:\Users\hinthorozuTUF\Kyrox\fair-crm\frontend\reports\full-ui-evidence\screenshots\data-integration_reports__w1441.png
/data-integration/reports	1920	screenshots/data-integration_reports__w1920.png	C:\Users\hinthorozuTUF\Kyrox\fair-crm\frontend\reports\full-ui-evidence\screenshots\data-integration_reports__w1920.png
/data-integration/reports	2560	screenshots/data-integration_reports__w2560.png	C:\Users\hinthorozuTUF\Kyrox\fair-crm\frontend\reports\full-ui-evidence\screenshots\data-integration_reports__w2560.png
/data-integration/reports	3440	screenshots/data-integration_reports__w3440.png	C:\Users\hinthorozuTUF\Kyrox\fair-crm\frontend\reports\full-ui-evidence\screenshots\data-integration_reports__w3440.png
/data-integration/reports	3840	screenshots/data-integration_reports__w3840.png	C:\Users\hinthorozuTUF\Kyrox\fair-crm\frontend\reports\full-ui-evidence\screenshots\data-integration_reports__w3840.png
/data-integration/adapters	320	screenshots/data-integration_adapters__w320.png	C:\Users\hinthorozuTUF\Kyrox\fair-crm\frontend\reports\full-ui-evidence\screenshots\data-integration_adapters__w320.png
/data-integration/adapters	390	screenshots/data-integration_adapters__w390.png	C:\Users\hinthorozuTUF\Kyrox\fair-crm\frontend\reports\full-ui-evidence\screenshots\data-integration_adapters__w390.png
/data-integration/adapters	767	screenshots/data-integration_adapters__w767.png	C:\Users\hinthorozuTUF\Kyrox\fair-crm\frontend\reports\full-ui-evidence\screenshots\data-integration_adapters__w767.png
/data-integration/adapters	768	screenshots/data-integration_adapters__w768.png	C:\Users\hinthorozuTUF\Kyrox\fair-crm\frontend\reports\full-ui-evidence\screenshots\data-integration_adapters__w768.png
/data-integration/adapters	769	screenshots/data-integration_adapters__w769.png	C:\Users\hinthorozuTUF\Kyrox\fair-crm\frontend\reports\full-ui-evidence\screenshots\data-integration_adapters__w769.png
/data-integration/adapters	1023	screenshots/data-integration_adapters__w1023.png	C:\Users\hinthorozuTUF\Kyrox\fair-crm\frontend\reports\full-ui-evidence\screenshots\data-integration_adapters__w1023.png
/data-integration/adapters	1024	screenshots/data-integration_adapters__w1024.png	C:\Users\hinthorozuTUF\Kyrox\fair-crm\frontend\reports\full-ui-evidence\screenshots\data-integration_adapters__w1024.png
/data-integration/adapters	1025	screenshots/data-integration_adapters__w1025.png	C:\Users\hinthorozuTUF\Kyrox\fair-crm\frontend\reports\full-ui-evidence\screenshots\data-integration_adapters__w1025.png
/data-integration/adapters	1439	screenshots/data-integration_adapters__w1439.png	C:\Users\hinthorozuTUF\Kyrox\fair-crm\frontend\reports\full-ui-evidence\screenshots\data-integration_adapters__w1439.png
/data-integration/adapters	1440	screenshots/data-integration_adapters__w1440.png	C:\Users\hinthorozuTUF\Kyrox\fair-crm\frontend\reports\full-ui-evidence\screenshots\data-integration_adapters__w1440.png
/data-integration/adapters	1441	screenshots/data-integration_adapters__w1441.png	C:\Users\hinthorozuTUF\Kyrox\fair-crm\frontend\reports\full-ui-evidence\screenshots\data-integration_adapters__w1441.png
/data-integration/adapters	1920	screenshots/data-integration_adapters__w1920.png	C:\Users\hinthorozuTUF\Kyrox\fair-crm\frontend\reports\full-ui-evidence\screenshots\data-integration_adapters__w1920.png
/data-integration/adapters	2560	screenshots/data-integration_adapters__w2560.png	C:\Users\hinthorozuTUF\Kyrox\fair-crm\frontend\reports\full-ui-evidence\screenshots\data-integration_adapters__w2560.png
/data-integration/adapters	3440	screenshots/data-integration_adapters__w3440.png	C:\Users\hinthorozuTUF\Kyrox\fair-crm\frontend\reports\full-ui-evidence\screenshots\data-integration_adapters__w3440.png
/data-integration/adapters	3840	screenshots/data-integration_adapters__w3840.png	C:\Users\hinthorozuTUF\Kyrox\fair-crm\frontend\reports\full-ui-evidence\screenshots\data-integration_adapters__w3840.png
/data-integration/adapters/:adapterKey	320	screenshots/data-integration_adapters_adapterKey__w320.png	C:\Users\hinthorozuTUF\Kyrox\fair-crm\frontend\reports\full-ui-evidence\screenshots\data-integration_adapters_adapterKey__w320.png
/data-integration/adapters/:adapterKey	390	screenshots/data-integration_adapters_adapterKey__w390.png	C:\Users\hinthorozuTUF\Kyrox\fair-crm\frontend\reports\full-ui-evidence\screenshots\data-integration_adapters_adapterKey__w390.png
/data-integration/adapters/:adapterKey	767	screenshots/data-integration_adapters_adapterKey__w767.png	C:\Users\hinthorozuTUF\Kyrox\fair-crm\frontend\reports\full-ui-evidence\screenshots\data-integration_adapters_adapterKey__w767.png
/data-integration/adapters/:adapterKey	768	screenshots/data-integration_adapters_adapterKey__w768.png	C:\Users\hinthorozuTUF\Kyrox\fair-crm\frontend\reports\full-ui-evidence\screenshots\data-integration_adapters_adapterKey__w768.png
/data-integration/adapters/:adapterKey	769	screenshots/data-integration_adapters_adapterKey__w769.png	C:\Users\hinthorozuTUF\Kyrox\fair-crm\frontend\reports\full-ui-evidence\screenshots\data-integration_adapters_adapterKey__w769.png
/data-integration/adapters/:adapterKey	1023	screenshots/data-integration_adapters_adapterKey__w1023.png	C:\Users\hinthorozuTUF\Kyrox\fair-crm\frontend\reports\full-ui-evidence\screenshots\data-integration_adapters_adapterKey__w1023.png
/data-integration/adapters/:adapterKey	1024	screenshots/data-integration_adapters_adapterKey__w1024.png	C:\Users\hinthorozuTUF\Kyrox\fair-crm\frontend\reports\full-ui-evidence\screenshots\data-integration_adapters_adapterKey__w1024.png
/data-integration/adapters/:adapterKey	1025	screenshots/data-integration_adapters_adapterKey__w1025.png	C:\Users\hinthorozuTUF\Kyrox\fair-crm\frontend\reports\full-ui-evidence\screenshots\data-integration_adapters_adapterKey__w1025.png
/data-integration/adapters/:adapterKey	1439	screenshots/data-integration_adapters_adapterKey__w1439.png	C:\Users\hinthorozuTUF\Kyrox\fair-crm\frontend\reports\full-ui-evidence\screenshots\data-integration_adapters_adapterKey__w1439.png
/data-integration/adapters/:adapterKey	1440	screenshots/data-integration_adapters_adapterKey__w1440.png	C:\Users\hinthorozuTUF\Kyrox\fair-crm\frontend\reports\full-ui-evidence\screenshots\data-integration_adapters_adapterKey__w1440.png
/data-integration/adapters/:adapterKey	1441	screenshots/data-integration_adapters_adapterKey__w1441.png	C:\Users\hinthorozuTUF\Kyrox\fair-crm\frontend\reports\full-ui-evidence\screenshots\data-integration_adapters_adapterKey__w1441.png
/data-integration/adapters/:adapterKey	1920	screenshots/data-integration_adapters_adapterKey__w1920.png	C:\Users\hinthorozuTUF\Kyrox\fair-crm\frontend\reports\full-ui-evidence\screenshots\data-integration_adapters_adapterKey__w1920.png
/data-integration/adapters/:adapterKey	2560	screenshots/data-integration_adapters_adapterKey__w2560.png	C:\Users\hinthorozuTUF\Kyrox\fair-crm\frontend\reports\full-ui-evidence\screenshots\data-integration_adapters_adapterKey__w2560.png
/data-integration/adapters/:adapterKey	3440	screenshots/data-integration_adapters_adapterKey__w3440.png	C:\Users\hinthorozuTUF\Kyrox\fair-crm\frontend\reports\full-ui-evidence\screenshots\data-integration_adapters_adapterKey__w3440.png
/data-integration/adapters/:adapterKey	3840	screenshots/data-integration_adapters_adapterKey__w3840.png	C:\Users\hinthorozuTUF\Kyrox\fair-crm\frontend\reports\full-ui-evidence\screenshots\data-integration_adapters_adapterKey__w3840.png
/data-integration/run-history	320	screenshots/data-integration_run-history__w320.png	C:\Users\hinthorozuTUF\Kyrox\fair-crm\frontend\reports\full-ui-evidence\screenshots\data-integration_run-history__w320.png
/data-integration/run-history	390	screenshots/data-integration_run-history__w390.png	C:\Users\hinthorozuTUF\Kyrox\fair-crm\frontend\reports\full-ui-evidence\screenshots\data-integration_run-history__w390.png
/data-integration/run-history	767	screenshots/data-integration_run-history__w767.png	C:\Users\hinthorozuTUF\Kyrox\fair-crm\frontend\reports\full-ui-evidence\screenshots\data-integration_run-history__w767.png
/data-integration/run-history	768	screenshots/data-integration_run-history__w768.png	C:\Users\hinthorozuTUF\Kyrox\fair-crm\frontend\reports\full-ui-evidence\screenshots\data-integration_run-history__w768.png
/data-integration/run-history	769	screenshots/data-integration_run-history__w769.png	C:\Users\hinthorozuTUF\Kyrox\fair-crm\frontend\reports\full-ui-evidence\screenshots\data-integration_run-history__w769.png
/data-integration/run-history	1023	screenshots/data-integration_run-history__w1023.png	C:\Users\hinthorozuTUF\Kyrox\fair-crm\frontend\reports\full-ui-evidence\screenshots\data-integration_run-history__w1023.png
/data-integration/run-history	1024	screenshots/data-integration_run-history__w1024.png	C:\Users\hinthorozuTUF\Kyrox\fair-crm\frontend\reports\full-ui-evidence\screenshots\data-integration_run-history__w1024.png
/data-integration/run-history	1025	screenshots/data-integration_run-history__w1025.png	C:\Users\hinthorozuTUF\Kyrox\fair-crm\frontend\reports\full-ui-evidence\screenshots\data-integration_run-history__w1025.png
/data-integration/run-history	1439	screenshots/data-integration_run-history__w1439.png	C:\Users\hinthorozuTUF\Kyrox\fair-crm\frontend\reports\full-ui-evidence\screenshots\data-integration_run-history__w1439.png
/data-integration/run-history	1440	screenshots/data-integration_run-history__w1440.png	C:\Users\hinthorozuTUF\Kyrox\fair-crm\frontend\reports\full-ui-evidence\screenshots\data-integration_run-history__w1440.png
/data-integration/run-history	1441	screenshots/data-integration_run-history__w1441.png	C:\Users\hinthorozuTUF\Kyrox\fair-crm\frontend\reports\full-ui-evidence\screenshots\data-integration_run-history__w1441.png
/data-integration/run-history	1920	screenshots/data-integration_run-history__w1920.png	C:\Users\hinthorozuTUF\Kyrox\fair-crm\frontend\reports\full-ui-evidence\screenshots\data-integration_run-history__w1920.png
/data-integration/run-history	2560	screenshots/data-integration_run-history__w2560.png	C:\Users\hinthorozuTUF\Kyrox\fair-crm\frontend\reports\full-ui-evidence\screenshots\data-integration_run-history__w2560.png
/data-integration/run-history	3440	screenshots/data-integration_run-history__w3440.png	C:\Users\hinthorozuTUF\Kyrox\fair-crm\frontend\reports\full-ui-evidence\screenshots\data-integration_run-history__w3440.png
/data-integration/run-history	3840	screenshots/data-integration_run-history__w3840.png	C:\Users\hinthorozuTUF\Kyrox\fair-crm\frontend\reports\full-ui-evidence\screenshots\data-integration_run-history__w3840.png
/data-integration/runs/:runId	320	screenshots/data-integration_runs_runId__w320.png	C:\Users\hinthorozuTUF\Kyrox\fair-crm\frontend\reports\full-ui-evidence\screenshots\data-integration_runs_runId__w320.png
/data-integration/runs/:runId	390	screenshots/data-integration_runs_runId__w390.png	C:\Users\hinthorozuTUF\Kyrox\fair-crm\frontend\reports\full-ui-evidence\screenshots\data-integration_runs_runId__w390.png
/data-integration/runs/:runId	767	screenshots/data-integration_runs_runId__w767.png	C:\Users\hinthorozuTUF\Kyrox\fair-crm\frontend\reports\full-ui-evidence\screenshots\data-integration_runs_runId__w767.png
/data-integration/runs/:runId	768	screenshots/data-integration_runs_runId__w768.png	C:\Users\hinthorozuTUF\Kyrox\fair-crm\frontend\reports\full-ui-evidence\screenshots\data-integration_runs_runId__w768.png
/data-integration/runs/:runId	769	screenshots/data-integration_runs_runId__w769.png	C:\Users\hinthorozuTUF\Kyrox\fair-crm\frontend\reports\full-ui-evidence\screenshots\data-integration_runs_runId__w769.png
/data-integration/runs/:runId	1023	screenshots/data-integration_runs_runId__w1023.png	C:\Users\hinthorozuTUF\Kyrox\fair-crm\frontend\reports\full-ui-evidence\screenshots\data-integration_runs_runId__w1023.png
/data-integration/runs/:runId	1024	screenshots/data-integration_runs_runId__w1024.png	C:\Users\hinthorozuTUF\Kyrox\fair-crm\frontend\reports\full-ui-evidence\screenshots\data-integration_runs_runId__w1024.png
/data-integration/runs/:runId	1025	screenshots/data-integration_runs_runId__w1025.png	C:\Users\hinthorozuTUF\Kyrox\fair-crm\frontend\reports\full-ui-evidence\screenshots\data-integration_runs_runId__w1025.png
/data-integration/runs/:runId	1439	screenshots/data-integration_runs_runId__w1439.png	C:\Users\hinthorozuTUF\Kyrox\fair-crm\frontend\reports\full-ui-evidence\screenshots\data-integration_runs_runId__w1439.png
/data-integration/runs/:runId	1440	screenshots/data-integration_runs_runId__w1440.png	C:\Users\hinthorozuTUF\Kyrox\fair-crm\frontend\reports\full-ui-evidence\screenshots\data-integration_runs_runId__w1440.png
/data-integration/runs/:runId	1441	screenshots/data-integration_runs_runId__w1441.png	C:\Users\hinthorozuTUF\Kyrox\fair-crm\frontend\reports\full-ui-evidence\screenshots\data-integration_runs_runId__w1441.png
/data-integration/runs/:runId	1920	screenshots/data-integration_runs_runId__w1920.png	C:\Users\hinthorozuTUF\Kyrox\fair-crm\frontend\reports\full-ui-evidence\screenshots\data-integration_runs_runId__w1920.png
/data-integration/runs/:runId	2560	screenshots/data-integration_runs_runId__w2560.png	C:\Users\hinthorozuTUF\Kyrox\fair-crm\frontend\reports\full-ui-evidence\screenshots\data-integration_runs_runId__w2560.png
/data-integration/runs/:runId	3440	screenshots/data-integration_runs_runId__w3440.png	C:\Users\hinthorozuTUF\Kyrox\fair-crm\frontend\reports\full-ui-evidence\screenshots\data-integration_runs_runId__w3440.png
/data-integration/runs/:runId	3840	screenshots/data-integration_runs_runId__w3840.png	C:\Users\hinthorozuTUF\Kyrox\fair-crm\frontend\reports\full-ui-evidence\screenshots\data-integration_runs_runId__w3840.png
/data-integration/scraper-test	320	screenshots/data-integration_scraper-test__w320.png	C:\Users\hinthorozuTUF\Kyrox\fair-crm\frontend\reports\full-ui-evidence\screenshots\data-integration_scraper-test__w320.png
/data-integration/scraper-test	390	screenshots/data-integration_scraper-test__w390.png	C:\Users\hinthorozuTUF\Kyrox\fair-crm\frontend\reports\full-ui-evidence\screenshots\data-integration_scraper-test__w390.png
/data-integration/scraper-test	767	screenshots/data-integration_scraper-test__w767.png	C:\Users\hinthorozuTUF\Kyrox\fair-crm\frontend\reports\full-ui-evidence\screenshots\data-integration_scraper-test__w767.png
/data-integration/scraper-test	768	screenshots/data-integration_scraper-test__w768.png	C:\Users\hinthorozuTUF\Kyrox\fair-crm\frontend\reports\full-ui-evidence\screenshots\data-integration_scraper-test__w768.png
/data-integration/scraper-test	769	screenshots/data-integration_scraper-test__w769.png	C:\Users\hinthorozuTUF\Kyrox\fair-crm\frontend\reports\full-ui-evidence\screenshots\data-integration_scraper-test__w769.png
/data-integration/scraper-test	1023	screenshots/data-integration_scraper-test__w1023.png	C:\Users\hinthorozuTUF\Kyrox\fair-crm\frontend\reports\full-ui-evidence\screenshots\data-integration_scraper-test__w1023.png
/data-integration/scraper-test	1024	screenshots/data-integration_scraper-test__w1024.png	C:\Users\hinthorozuTUF\Kyrox\fair-crm\frontend\reports\full-ui-evidence\screenshots\data-integration_scraper-test__w1024.png
/data-integration/scraper-test	1025	screenshots/data-integration_scraper-test__w1025.png	C:\Users\hinthorozuTUF\Kyrox\fair-crm\frontend\reports\full-ui-evidence\screenshots\data-integration_scraper-test__w1025.png
/data-integration/scraper-test	1439	screenshots/data-integration_scraper-test__w1439.png	C:\Users\hinthorozuTUF\Kyrox\fair-crm\frontend\reports\full-ui-evidence\screenshots\data-integration_scraper-test__w1439.png
/data-integration/scraper-test	1440	screenshots/data-integration_scraper-test__w1440.png	C:\Users\hinthorozuTUF\Kyrox\fair-crm\frontend\reports\full-ui-evidence\screenshots\data-integration_scraper-test__w1440.png
/data-integration/scraper-test	1441	screenshots/data-integration_scraper-test__w1441.png	C:\Users\hinthorozuTUF\Kyrox\fair-crm\frontend\reports\full-ui-evidence\screenshots\data-integration_scraper-test__w1441.png
/data-integration/scraper-test	1920	screenshots/data-integration_scraper-test__w1920.png	C:\Users\hinthorozuTUF\Kyrox\fair-crm\frontend\reports\full-ui-evidence\screenshots\data-integration_scraper-test__w1920.png
/data-integration/scraper-test	2560	screenshots/data-integration_scraper-test__w2560.png	C:\Users\hinthorozuTUF\Kyrox\fair-crm\frontend\reports\full-ui-evidence\screenshots\data-integration_scraper-test__w2560.png
/data-integration/scraper-test	3440	screenshots/data-integration_scraper-test__w3440.png	C:\Users\hinthorozuTUF\Kyrox\fair-crm\frontend\reports\full-ui-evidence\screenshots\data-integration_scraper-test__w3440.png
/data-integration/scraper-test	3840	screenshots/data-integration_scraper-test__w3840.png	C:\Users\hinthorozuTUF\Kyrox\fair-crm\frontend\reports\full-ui-evidence\screenshots\data-integration_scraper-test__w3840.png
/data-integration/enrichment	320	screenshots/data-integration_enrichment__w320.png	C:\Users\hinthorozuTUF\Kyrox\fair-crm\frontend\reports\full-ui-evidence\screenshots\data-integration_enrichment__w320.png
/data-integration/enrichment	390	screenshots/data-integration_enrichment__w390.png	C:\Users\hinthorozuTUF\Kyrox\fair-crm\frontend\reports\full-ui-evidence\screenshots\data-integration_enrichment__w390.png
/data-integration/enrichment	767	screenshots/data-integration_enrichment__w767.png	C:\Users\hinthorozuTUF\Kyrox\fair-crm\frontend\reports\full-ui-evidence\screenshots\data-integration_enrichment__w767.png
/data-integration/enrichment	768	screenshots/data-integration_enrichment__w768.png	C:\Users\hinthorozuTUF\Kyrox\fair-crm\frontend\reports\full-ui-evidence\screenshots\data-integration_enrichment__w768.png
/data-integration/enrichment	769	screenshots/data-integration_enrichment__w769.png	C:\Users\hinthorozuTUF\Kyrox\fair-crm\frontend\reports\full-ui-evidence\screenshots\data-integration_enrichment__w769.png
/data-integration/enrichment	1023	screenshots/data-integration_enrichment__w1023.png	C:\Users\hinthorozuTUF\Kyrox\fair-crm\frontend\reports\full-ui-evidence\screenshots\data-integration_enrichment__w1023.png
/data-integration/enrichment	1024	screenshots/data-integration_enrichment__w1024.png	C:\Users\hinthorozuTUF\Kyrox\fair-crm\frontend\reports\full-ui-evidence\screenshots\data-integration_enrichment__w1024.png
/data-integration/enrichment	1025	screenshots/data-integration_enrichment__w1025.png	C:\Users\hinthorozuTUF\Kyrox\fair-crm\frontend\reports\full-ui-evidence\screenshots\data-integration_enrichment__w1025.png
/data-integration/enrichment	1439	screenshots/data-integration_enrichment__w1439.png	C:\Users\hinthorozuTUF\Kyrox\fair-crm\frontend\reports\full-ui-evidence\screenshots\data-integration_enrichment__w1439.png
/data-integration/enrichment	1440	screenshots/data-integration_enrichment__w1440.png	C:\Users\hinthorozuTUF\Kyrox\fair-crm\frontend\reports\full-ui-evidence\screenshots\data-integration_enrichment__w1440.png
/data-integration/enrichment	1441	screenshots/data-integration_enrichment__w1441.png	C:\Users\hinthorozuTUF\Kyrox\fair-crm\frontend\reports\full-ui-evidence\screenshots\data-integration_enrichment__w1441.png
/data-integration/enrichment	1920	screenshots/data-integration_enrichment__w1920.png	C:\Users\hinthorozuTUF\Kyrox\fair-crm\frontend\reports\full-ui-evidence\screenshots\data-integration_enrichment__w1920.png
/data-integration/enrichment	2560	screenshots/data-integration_enrichment__w2560.png	C:\Users\hinthorozuTUF\Kyrox\fair-crm\frontend\reports\full-ui-evidence\screenshots\data-integration_enrichment__w2560.png
/data-integration/enrichment	3440	screenshots/data-integration_enrichment__w3440.png	C:\Users\hinthorozuTUF\Kyrox\fair-crm\frontend\reports\full-ui-evidence\screenshots\data-integration_enrichment__w3440.png
/data-integration/enrichment	3840	screenshots/data-integration_enrichment__w3840.png	C:\Users\hinthorozuTUF\Kyrox\fair-crm\frontend\reports\full-ui-evidence\screenshots\data-integration_enrichment__w3840.png
/admin/system/backups	320	screenshots/admin_system_backups__w320.png	C:\Users\hinthorozuTUF\Kyrox\fair-crm\frontend\reports\full-ui-evidence\screenshots\admin_system_backups__w320.png
/admin/system/backups	390	screenshots/admin_system_backups__w390.png	C:\Users\hinthorozuTUF\Kyrox\fair-crm\frontend\reports\full-ui-evidence\screenshots\admin_system_backups__w390.png
/admin/system/backups	767	screenshots/admin_system_backups__w767.png	C:\Users\hinthorozuTUF\Kyrox\fair-crm\frontend\reports\full-ui-evidence\screenshots\admin_system_backups__w767.png
/admin/system/backups	768	screenshots/admin_system_backups__w768.png	C:\Users\hinthorozuTUF\Kyrox\fair-crm\frontend\reports\full-ui-evidence\screenshots\admin_system_backups__w768.png
/admin/system/backups	769	screenshots/admin_system_backups__w769.png	C:\Users\hinthorozuTUF\Kyrox\fair-crm\frontend\reports\full-ui-evidence\screenshots\admin_system_backups__w769.png
/admin/system/backups	1023	screenshots/admin_system_backups__w1023.png	C:\Users\hinthorozuTUF\Kyrox\fair-crm\frontend\reports\full-ui-evidence\screenshots\admin_system_backups__w1023.png
/admin/system/backups	1024	screenshots/admin_system_backups__w1024.png	C:\Users\hinthorozuTUF\Kyrox\fair-crm\frontend\reports\full-ui-evidence\screenshots\admin_system_backups__w1024.png
/admin/system/backups	1025	screenshots/admin_system_backups__w1025.png	C:\Users\hinthorozuTUF\Kyrox\fair-crm\frontend\reports\full-ui-evidence\screenshots\admin_system_backups__w1025.png
/admin/system/backups	1439	screenshots/admin_system_backups__w1439.png	C:\Users\hinthorozuTUF\Kyrox\fair-crm\frontend\reports\full-ui-evidence\screenshots\admin_system_backups__w1439.png
/admin/system/backups	1440	screenshots/admin_system_backups__w1440.png	C:\Users\hinthorozuTUF\Kyrox\fair-crm\frontend\reports\full-ui-evidence\screenshots\admin_system_backups__w1440.png
/admin/system/backups	1441	screenshots/admin_system_backups__w1441.png	C:\Users\hinthorozuTUF\Kyrox\fair-crm\frontend\reports\full-ui-evidence\screenshots\admin_system_backups__w1441.png
/admin/system/backups	1920	screenshots/admin_system_backups__w1920.png	C:\Users\hinthorozuTUF\Kyrox\fair-crm\frontend\reports\full-ui-evidence\screenshots\admin_system_backups__w1920.png
/admin/system/backups	2560	screenshots/admin_system_backups__w2560.png	C:\Users\hinthorozuTUF\Kyrox\fair-crm\frontend\reports\full-ui-evidence\screenshots\admin_system_backups__w2560.png
/admin/system/backups	3440	screenshots/admin_system_backups__w3440.png	C:\Users\hinthorozuTUF\Kyrox\fair-crm\frontend\reports\full-ui-evidence\screenshots\admin_system_backups__w3440.png
/admin/system/backups	3840	screenshots/admin_system_backups__w3840.png	C:\Users\hinthorozuTUF\Kyrox\fair-crm\frontend\reports\full-ui-evidence\screenshots\admin_system_backups__w3840.png
/admin/smtp-operations/accounts	320	screenshots/admin_smtp-operations_accounts__w320.png	C:\Users\hinthorozuTUF\Kyrox\fair-crm\frontend\reports\full-ui-evidence\screenshots\admin_smtp-operations_accounts__w320.png
/admin/smtp-operations/accounts	390	screenshots/admin_smtp-operations_accounts__w390.png	C:\Users\hinthorozuTUF\Kyrox\fair-crm\frontend\reports\full-ui-evidence\screenshots\admin_smtp-operations_accounts__w390.png
/admin/smtp-operations/accounts	767	screenshots/admin_smtp-operations_accounts__w767.png	C:\Users\hinthorozuTUF\Kyrox\fair-crm\frontend\reports\full-ui-evidence\screenshots\admin_smtp-operations_accounts__w767.png
/admin/smtp-operations/accounts	768	screenshots/admin_smtp-operations_accounts__w768.png	C:\Users\hinthorozuTUF\Kyrox\fair-crm\frontend\reports\full-ui-evidence\screenshots\admin_smtp-operations_accounts__w768.png
/admin/smtp-operations/accounts	769	screenshots/admin_smtp-operations_accounts__w769.png	C:\Users\hinthorozuTUF\Kyrox\fair-crm\frontend\reports\full-ui-evidence\screenshots\admin_smtp-operations_accounts__w769.png
/admin/smtp-operations/accounts	1023	screenshots/admin_smtp-operations_accounts__w1023.png	C:\Users\hinthorozuTUF\Kyrox\fair-crm\frontend\reports\full-ui-evidence\screenshots\admin_smtp-operations_accounts__w1023.png
/admin/smtp-operations/accounts	1024	screenshots/admin_smtp-operations_accounts__w1024.png	C:\Users\hinthorozuTUF\Kyrox\fair-crm\frontend\reports\full-ui-evidence\screenshots\admin_smtp-operations_accounts__w1024.png
/admin/smtp-operations/accounts	1025	screenshots/admin_smtp-operations_accounts__w1025.png	C:\Users\hinthorozuTUF\Kyrox\fair-crm\frontend\reports\full-ui-evidence\screenshots\admin_smtp-operations_accounts__w1025.png
/admin/smtp-operations/accounts	1439	screenshots/admin_smtp-operations_accounts__w1439.png	C:\Users\hinthorozuTUF\Kyrox\fair-crm\frontend\reports\full-ui-evidence\screenshots\admin_smtp-operations_accounts__w1439.png
/admin/smtp-operations/accounts	1440	screenshots/admin_smtp-operations_accounts__w1440.png	C:\Users\hinthorozuTUF\Kyrox\fair-crm\frontend\reports\full-ui-evidence\screenshots\admin_smtp-operations_accounts__w1440.png
/admin/smtp-operations/accounts	1441	screenshots/admin_smtp-operations_accounts__w1441.png	C:\Users\hinthorozuTUF\Kyrox\fair-crm\frontend\reports\full-ui-evidence\screenshots\admin_smtp-operations_accounts__w1441.png
/admin/smtp-operations/accounts	1920	screenshots/admin_smtp-operations_accounts__w1920.png	C:\Users\hinthorozuTUF\Kyrox\fair-crm\frontend\reports\full-ui-evidence\screenshots\admin_smtp-operations_accounts__w1920.png
/admin/smtp-operations/accounts	2560	screenshots/admin_smtp-operations_accounts__w2560.png	C:\Users\hinthorozuTUF\Kyrox\fair-crm\frontend\reports\full-ui-evidence\screenshots\admin_smtp-operations_accounts__w2560.png
/admin/smtp-operations/accounts	3440	screenshots/admin_smtp-operations_accounts__w3440.png	C:\Users\hinthorozuTUF\Kyrox\fair-crm\frontend\reports\full-ui-evidence\screenshots\admin_smtp-operations_accounts__w3440.png
/admin/smtp-operations/accounts	3840	screenshots/admin_smtp-operations_accounts__w3840.png	C:\Users\hinthorozuTUF\Kyrox\fair-crm\frontend\reports\full-ui-evidence\screenshots\admin_smtp-operations_accounts__w3840.png
/admin/smtp-operations/templates	320	screenshots/admin_smtp-operations_templates__w320.png	C:\Users\hinthorozuTUF\Kyrox\fair-crm\frontend\reports\full-ui-evidence\screenshots\admin_smtp-operations_templates__w320.png
/admin/smtp-operations/templates	390	screenshots/admin_smtp-operations_templates__w390.png	C:\Users\hinthorozuTUF\Kyrox\fair-crm\frontend\reports\full-ui-evidence\screenshots\admin_smtp-operations_templates__w390.png
/admin/smtp-operations/templates	767	screenshots/admin_smtp-operations_templates__w767.png	C:\Users\hinthorozuTUF\Kyrox\fair-crm\frontend\reports\full-ui-evidence\screenshots\admin_smtp-operations_templates__w767.png
/admin/smtp-operations/templates	768	screenshots/admin_smtp-operations_templates__w768.png	C:\Users\hinthorozuTUF\Kyrox\fair-crm\frontend\reports\full-ui-evidence\screenshots\admin_smtp-operations_templates__w768.png
/admin/smtp-operations/templates	769	screenshots/admin_smtp-operations_templates__w769.png	C:\Users\hinthorozuTUF\Kyrox\fair-crm\frontend\reports\full-ui-evidence\screenshots\admin_smtp-operations_templates__w769.png
/admin/smtp-operations/templates	1023	screenshots/admin_smtp-operations_templates__w1023.png	C:\Users\hinthorozuTUF\Kyrox\fair-crm\frontend\reports\full-ui-evidence\screenshots\admin_smtp-operations_templates__w1023.png
/admin/smtp-operations/templates	1024	screenshots/admin_smtp-operations_templates__w1024.png	C:\Users\hinthorozuTUF\Kyrox\fair-crm\frontend\reports\full-ui-evidence\screenshots\admin_smtp-operations_templates__w1024.png
/admin/smtp-operations/templates	1025	screenshots/admin_smtp-operations_templates__w1025.png	C:\Users\hinthorozuTUF\Kyrox\fair-crm\frontend\reports\full-ui-evidence\screenshots\admin_smtp-operations_templates__w1025.png
/admin/smtp-operations/templates	1439	screenshots/admin_smtp-operations_templates__w1439.png	C:\Users\hinthorozuTUF\Kyrox\fair-crm\frontend\reports\full-ui-evidence\screenshots\admin_smtp-operations_templates__w1439.png
/admin/smtp-operations/templates	1440	screenshots/admin_smtp-operations_templates__w1440.png	C:\Users\hinthorozuTUF\Kyrox\fair-crm\frontend\reports\full-ui-evidence\screenshots\admin_smtp-operations_templates__w1440.png
/admin/smtp-operations/templates	1441	screenshots/admin_smtp-operations_templates__w1441.png	C:\Users\hinthorozuTUF\Kyrox\fair-crm\frontend\reports\full-ui-evidence\screenshots\admin_smtp-operations_templates__w1441.png
/admin/smtp-operations/templates	1920	screenshots/admin_smtp-operations_templates__w1920.png	C:\Users\hinthorozuTUF\Kyrox\fair-crm\frontend\reports\full-ui-evidence\screenshots\admin_smtp-operations_templates__w1920.png
/admin/smtp-operations/templates	2560	screenshots/admin_smtp-operations_templates__w2560.png	C:\Users\hinthorozuTUF\Kyrox\fair-crm\frontend\reports\full-ui-evidence\screenshots\admin_smtp-operations_templates__w2560.png
/admin/smtp-operations/templates	3440	screenshots/admin_smtp-operations_templates__w3440.png	C:\Users\hinthorozuTUF\Kyrox\fair-crm\frontend\reports\full-ui-evidence\screenshots\admin_smtp-operations_templates__w3440.png
/admin/smtp-operations/templates	3840	screenshots/admin_smtp-operations_templates__w3840.png	C:\Users\hinthorozuTUF\Kyrox\fair-crm\frontend\reports\full-ui-evidence\screenshots\admin_smtp-operations_templates__w3840.png
/admin/smtp-operations/mail-operations	320	screenshots/admin_smtp-operations_mail-operations__w320.png	C:\Users\hinthorozuTUF\Kyrox\fair-crm\frontend\reports\full-ui-evidence\screenshots\admin_smtp-operations_mail-operations__w320.png
/admin/smtp-operations/mail-operations	390	screenshots/admin_smtp-operations_mail-operations__w390.png	C:\Users\hinthorozuTUF\Kyrox\fair-crm\frontend\reports\full-ui-evidence\screenshots\admin_smtp-operations_mail-operations__w390.png
/admin/smtp-operations/mail-operations	767	screenshots/admin_smtp-operations_mail-operations__w767.png	C:\Users\hinthorozuTUF\Kyrox\fair-crm\frontend\reports\full-ui-evidence\screenshots\admin_smtp-operations_mail-operations__w767.png
/admin/smtp-operations/mail-operations	768	screenshots/admin_smtp-operations_mail-operations__w768.png	C:\Users\hinthorozuTUF\Kyrox\fair-crm\frontend\reports\full-ui-evidence\screenshots\admin_smtp-operations_mail-operations__w768.png
/admin/smtp-operations/mail-operations	769	screenshots/admin_smtp-operations_mail-operations__w769.png	C:\Users\hinthorozuTUF\Kyrox\fair-crm\frontend\reports\full-ui-evidence\screenshots\admin_smtp-operations_mail-operations__w769.png
/admin/smtp-operations/mail-operations	1023	screenshots/admin_smtp-operations_mail-operations__w1023.png	C:\Users\hinthorozuTUF\Kyrox\fair-crm\frontend\reports\full-ui-evidence\screenshots\admin_smtp-operations_mail-operations__w1023.png
/admin/smtp-operations/mail-operations	1024	screenshots/admin_smtp-operations_mail-operations__w1024.png	C:\Users\hinthorozuTUF\Kyrox\fair-crm\frontend\reports\full-ui-evidence\screenshots\admin_smtp-operations_mail-operations__w1024.png
/admin/smtp-operations/mail-operations	1025	screenshots/admin_smtp-operations_mail-operations__w1025.png	C:\Users\hinthorozuTUF\Kyrox\fair-crm\frontend\reports\full-ui-evidence\screenshots\admin_smtp-operations_mail-operations__w1025.png
/admin/smtp-operations/mail-operations	1439	screenshots/admin_smtp-operations_mail-operations__w1439.png	C:\Users\hinthorozuTUF\Kyrox\fair-crm\frontend\reports\full-ui-evidence\screenshots\admin_smtp-operations_mail-operations__w1439.png
/admin/smtp-operations/mail-operations	1440	screenshots/admin_smtp-operations_mail-operations__w1440.png	C:\Users\hinthorozuTUF\Kyrox\fair-crm\frontend\reports\full-ui-evidence\screenshots\admin_smtp-operations_mail-operations__w1440.png
/admin/smtp-operations/mail-operations	1441	screenshots/admin_smtp-operations_mail-operations__w1441.png	C:\Users\hinthorozuTUF\Kyrox\fair-crm\frontend\reports\full-ui-evidence\screenshots\admin_smtp-operations_mail-operations__w1441.png
/admin/smtp-operations/mail-operations	1920	screenshots/admin_smtp-operations_mail-operations__w1920.png	C:\Users\hinthorozuTUF\Kyrox\fair-crm\frontend\reports\full-ui-evidence\screenshots\admin_smtp-operations_mail-operations__w1920.png
/admin/smtp-operations/mail-operations	2560	screenshots/admin_smtp-operations_mail-operations__w2560.png	C:\Users\hinthorozuTUF\Kyrox\fair-crm\frontend\reports\full-ui-evidence\screenshots\admin_smtp-operations_mail-operations__w2560.png
/admin/smtp-operations/mail-operations	3440	screenshots/admin_smtp-operations_mail-operations__w3440.png	C:\Users\hinthorozuTUF\Kyrox\fair-crm\frontend\reports\full-ui-evidence\screenshots\admin_smtp-operations_mail-operations__w3440.png
/admin/smtp-operations/mail-operations	3840	screenshots/admin_smtp-operations_mail-operations__w3840.png	C:\Users\hinthorozuTUF\Kyrox\fair-crm\frontend\reports\full-ui-evidence\screenshots\admin_smtp-operations_mail-operations__w3840.png
/admin/data-operations	320	screenshots/admin_data-operations__w320.png	C:\Users\hinthorozuTUF\Kyrox\fair-crm\frontend\reports\full-ui-evidence\screenshots\admin_data-operations__w320.png
/admin/data-operations	390	screenshots/admin_data-operations__w390.png	C:\Users\hinthorozuTUF\Kyrox\fair-crm\frontend\reports\full-ui-evidence\screenshots\admin_data-operations__w390.png
/admin/data-operations	767	screenshots/admin_data-operations__w767.png	C:\Users\hinthorozuTUF\Kyrox\fair-crm\frontend\reports\full-ui-evidence\screenshots\admin_data-operations__w767.png
/admin/data-operations	768	screenshots/admin_data-operations__w768.png	C:\Users\hinthorozuTUF\Kyrox\fair-crm\frontend\reports\full-ui-evidence\screenshots\admin_data-operations__w768.png
/admin/data-operations	769	screenshots/admin_data-operations__w769.png	C:\Users\hinthorozuTUF\Kyrox\fair-crm\frontend\reports\full-ui-evidence\screenshots\admin_data-operations__w769.png
/admin/data-operations	1023	screenshots/admin_data-operations__w1023.png	C:\Users\hinthorozuTUF\Kyrox\fair-crm\frontend\reports\full-ui-evidence\screenshots\admin_data-operations__w1023.png
/admin/data-operations	1024	screenshots/admin_data-operations__w1024.png	C:\Users\hinthorozuTUF\Kyrox\fair-crm\frontend\reports\full-ui-evidence\screenshots\admin_data-operations__w1024.png
/admin/data-operations	1025	screenshots/admin_data-operations__w1025.png	C:\Users\hinthorozuTUF\Kyrox\fair-crm\frontend\reports\full-ui-evidence\screenshots\admin_data-operations__w1025.png
/admin/data-operations	1439	screenshots/admin_data-operations__w1439.png	C:\Users\hinthorozuTUF\Kyrox\fair-crm\frontend\reports\full-ui-evidence\screenshots\admin_data-operations__w1439.png
/admin/data-operations	1440	screenshots/admin_data-operations__w1440.png	C:\Users\hinthorozuTUF\Kyrox\fair-crm\frontend\reports\full-ui-evidence\screenshots\admin_data-operations__w1440.png
/admin/data-operations	1441	screenshots/admin_data-operations__w1441.png	C:\Users\hinthorozuTUF\Kyrox\fair-crm\frontend\reports\full-ui-evidence\screenshots\admin_data-operations__w1441.png
/admin/data-operations	1920	screenshots/admin_data-operations__w1920.png	C:\Users\hinthorozuTUF\Kyrox\fair-crm\frontend\reports\full-ui-evidence\screenshots\admin_data-operations__w1920.png
/admin/data-operations	2560	screenshots/admin_data-operations__w2560.png	C:\Users\hinthorozuTUF\Kyrox\fair-crm\frontend\reports\full-ui-evidence\screenshots\admin_data-operations__w2560.png
/admin/data-operations	3440	screenshots/admin_data-operations__w3440.png	C:\Users\hinthorozuTUF\Kyrox\fair-crm\frontend\reports\full-ui-evidence\screenshots\admin_data-operations__w3440.png
/admin/data-operations	3840	screenshots/admin_data-operations__w3840.png	C:\Users\hinthorozuTUF\Kyrox\fair-crm\frontend\reports\full-ui-evidence\screenshots\admin_data-operations__w3840.png
/admin/data-operations/runs/:runId	320	screenshots/admin_data-operations_runs_runId__w320.png	C:\Users\hinthorozuTUF\Kyrox\fair-crm\frontend\reports\full-ui-evidence\screenshots\admin_data-operations_runs_runId__w320.png
/admin/data-operations/runs/:runId	390	screenshots/admin_data-operations_runs_runId__w390.png	C:\Users\hinthorozuTUF\Kyrox\fair-crm\frontend\reports\full-ui-evidence\screenshots\admin_data-operations_runs_runId__w390.png
/admin/data-operations/runs/:runId	767	screenshots/admin_data-operations_runs_runId__w767.png	C:\Users\hinthorozuTUF\Kyrox\fair-crm\frontend\reports\full-ui-evidence\screenshots\admin_data-operations_runs_runId__w767.png
/admin/data-operations/runs/:runId	768	screenshots/admin_data-operations_runs_runId__w768.png	C:\Users\hinthorozuTUF\Kyrox\fair-crm\frontend\reports\full-ui-evidence\screenshots\admin_data-operations_runs_runId__w768.png
/admin/data-operations/runs/:runId	769	screenshots/admin_data-operations_runs_runId__w769.png	C:\Users\hinthorozuTUF\Kyrox\fair-crm\frontend\reports\full-ui-evidence\screenshots\admin_data-operations_runs_runId__w769.png
/admin/data-operations/runs/:runId	1023	screenshots/admin_data-operations_runs_runId__w1023.png	C:\Users\hinthorozuTUF\Kyrox\fair-crm\frontend\reports\full-ui-evidence\screenshots\admin_data-operations_runs_runId__w1023.png
/admin/data-operations/runs/:runId	1024	screenshots/admin_data-operations_runs_runId__w1024.png	C:\Users\hinthorozuTUF\Kyrox\fair-crm\frontend\reports\full-ui-evidence\screenshots\admin_data-operations_runs_runId__w1024.png
/admin/data-operations/runs/:runId	1025	screenshots/admin_data-operations_runs_runId__w1025.png	C:\Users\hinthorozuTUF\Kyrox\fair-crm\frontend\reports\full-ui-evidence\screenshots\admin_data-operations_runs_runId__w1025.png
/admin/data-operations/runs/:runId	1439	screenshots/admin_data-operations_runs_runId__w1439.png	C:\Users\hinthorozuTUF\Kyrox\fair-crm\frontend\reports\full-ui-evidence\screenshots\admin_data-operations_runs_runId__w1439.png
/admin/data-operations/runs/:runId	1440	screenshots/admin_data-operations_runs_runId__w1440.png	C:\Users\hinthorozuTUF\Kyrox\fair-crm\frontend\reports\full-ui-evidence\screenshots\admin_data-operations_runs_runId__w1440.png
/admin/data-operations/runs/:runId	1441	screenshots/admin_data-operations_runs_runId__w1441.png	C:\Users\hinthorozuTUF\Kyrox\fair-crm\frontend\reports\full-ui-evidence\screenshots\admin_data-operations_runs_runId__w1441.png
/admin/data-operations/runs/:runId	1920	screenshots/admin_data-operations_runs_runId__w1920.png	C:\Users\hinthorozuTUF\Kyrox\fair-crm\frontend\reports\full-ui-evidence\screenshots\admin_data-operations_runs_runId__w1920.png
/admin/data-operations/runs/:runId	2560	screenshots/admin_data-operations_runs_runId__w2560.png	C:\Users\hinthorozuTUF\Kyrox\fair-crm\frontend\reports\full-ui-evidence\screenshots\admin_data-operations_runs_runId__w2560.png
/admin/data-operations/runs/:runId	3440	screenshots/admin_data-operations_runs_runId__w3440.png	C:\Users\hinthorozuTUF\Kyrox\fair-crm\frontend\reports\full-ui-evidence\screenshots\admin_data-operations_runs_runId__w3440.png
/admin/data-operations/runs/:runId	3840	screenshots/admin_data-operations_runs_runId__w3840.png	C:\Users\hinthorozuTUF\Kyrox\fair-crm\frontend\reports\full-ui-evidence\screenshots\admin_data-operations_runs_runId__w3840.png
/imports	320	screenshots/imports__w320.png	C:\Users\hinthorozuTUF\Kyrox\fair-crm\frontend\reports\full-ui-evidence\screenshots\imports__w320.png
/imports	390	screenshots/imports__w390.png	C:\Users\hinthorozuTUF\Kyrox\fair-crm\frontend\reports\full-ui-evidence\screenshots\imports__w390.png
/imports	767	screenshots/imports__w767.png	C:\Users\hinthorozuTUF\Kyrox\fair-crm\frontend\reports\full-ui-evidence\screenshots\imports__w767.png
/imports	768	screenshots/imports__w768.png	C:\Users\hinthorozuTUF\Kyrox\fair-crm\frontend\reports\full-ui-evidence\screenshots\imports__w768.png
/imports	769	screenshots/imports__w769.png	C:\Users\hinthorozuTUF\Kyrox\fair-crm\frontend\reports\full-ui-evidence\screenshots\imports__w769.png
/imports	1023	screenshots/imports__w1023.png	C:\Users\hinthorozuTUF\Kyrox\fair-crm\frontend\reports\full-ui-evidence\screenshots\imports__w1023.png
/imports	1024	screenshots/imports__w1024.png	C:\Users\hinthorozuTUF\Kyrox\fair-crm\frontend\reports\full-ui-evidence\screenshots\imports__w1024.png
/imports	1025	screenshots/imports__w1025.png	C:\Users\hinthorozuTUF\Kyrox\fair-crm\frontend\reports\full-ui-evidence\screenshots\imports__w1025.png
/imports	1439	screenshots/imports__w1439.png	C:\Users\hinthorozuTUF\Kyrox\fair-crm\frontend\reports\full-ui-evidence\screenshots\imports__w1439.png
/imports	1440	screenshots/imports__w1440.png	C:\Users\hinthorozuTUF\Kyrox\fair-crm\frontend\reports\full-ui-evidence\screenshots\imports__w1440.png
/imports	1441	screenshots/imports__w1441.png	C:\Users\hinthorozuTUF\Kyrox\fair-crm\frontend\reports\full-ui-evidence\screenshots\imports__w1441.png
/imports	1920	screenshots/imports__w1920.png	C:\Users\hinthorozuTUF\Kyrox\fair-crm\frontend\reports\full-ui-evidence\screenshots\imports__w1920.png
/imports	2560	screenshots/imports__w2560.png	C:\Users\hinthorozuTUF\Kyrox\fair-crm\frontend\reports\full-ui-evidence\screenshots\imports__w2560.png
/imports	3440	screenshots/imports__w3440.png	C:\Users\hinthorozuTUF\Kyrox\fair-crm\frontend\reports\full-ui-evidence\screenshots\imports__w3440.png
/imports	3840	screenshots/imports__w3840.png	C:\Users\hinthorozuTUF\Kyrox\fair-crm\frontend\reports\full-ui-evidence\screenshots\imports__w3840.png
/imports/fair/:fairId	320	screenshots/imports_fair_fairId__w320.png	C:\Users\hinthorozuTUF\Kyrox\fair-crm\frontend\reports\full-ui-evidence\screenshots\imports_fair_fairId__w320.png
/imports/fair/:fairId	390	screenshots/imports_fair_fairId__w390.png	C:\Users\hinthorozuTUF\Kyrox\fair-crm\frontend\reports\full-ui-evidence\screenshots\imports_fair_fairId__w390.png
/imports/fair/:fairId	767	screenshots/imports_fair_fairId__w767.png	C:\Users\hinthorozuTUF\Kyrox\fair-crm\frontend\reports\full-ui-evidence\screenshots\imports_fair_fairId__w767.png
/imports/fair/:fairId	768	screenshots/imports_fair_fairId__w768.png	C:\Users\hinthorozuTUF\Kyrox\fair-crm\frontend\reports\full-ui-evidence\screenshots\imports_fair_fairId__w768.png
/imports/fair/:fairId	769	screenshots/imports_fair_fairId__w769.png	C:\Users\hinthorozuTUF\Kyrox\fair-crm\frontend\reports\full-ui-evidence\screenshots\imports_fair_fairId__w769.png
/imports/fair/:fairId	1023	screenshots/imports_fair_fairId__w1023.png	C:\Users\hinthorozuTUF\Kyrox\fair-crm\frontend\reports\full-ui-evidence\screenshots\imports_fair_fairId__w1023.png
/imports/fair/:fairId	1024	screenshots/imports_fair_fairId__w1024.png	C:\Users\hinthorozuTUF\Kyrox\fair-crm\frontend\reports\full-ui-evidence\screenshots\imports_fair_fairId__w1024.png
/imports/fair/:fairId	1025	screenshots/imports_fair_fairId__w1025.png	C:\Users\hinthorozuTUF\Kyrox\fair-crm\frontend\reports\full-ui-evidence\screenshots\imports_fair_fairId__w1025.png
/imports/fair/:fairId	1439	screenshots/imports_fair_fairId__w1439.png	C:\Users\hinthorozuTUF\Kyrox\fair-crm\frontend\reports\full-ui-evidence\screenshots\imports_fair_fairId__w1439.png
/imports/fair/:fairId	1440	screenshots/imports_fair_fairId__w1440.png	C:\Users\hinthorozuTUF\Kyrox\fair-crm\frontend\reports\full-ui-evidence\screenshots\imports_fair_fairId__w1440.png
/imports/fair/:fairId	1441	screenshots/imports_fair_fairId__w1441.png	C:\Users\hinthorozuTUF\Kyrox\fair-crm\frontend\reports\full-ui-evidence\screenshots\imports_fair_fairId__w1441.png
/imports/fair/:fairId	1920	screenshots/imports_fair_fairId__w1920.png	C:\Users\hinthorozuTUF\Kyrox\fair-crm\frontend\reports\full-ui-evidence\screenshots\imports_fair_fairId__w1920.png
/imports/fair/:fairId	2560	screenshots/imports_fair_fairId__w2560.png	C:\Users\hinthorozuTUF\Kyrox\fair-crm\frontend\reports\full-ui-evidence\screenshots\imports_fair_fairId__w2560.png
/imports/fair/:fairId	3440	screenshots/imports_fair_fairId__w3440.png	C:\Users\hinthorozuTUF\Kyrox\fair-crm\frontend\reports\full-ui-evidence\screenshots\imports_fair_fairId__w3440.png
/imports/fair/:fairId	3840	screenshots/imports_fair_fairId__w3840.png	C:\Users\hinthorozuTUF\Kyrox\fair-crm\frontend\reports\full-ui-evidence\screenshots\imports_fair_fairId__w3840.png
/dev/customers-responsive-pilot	320	screenshots/dev_customers-responsive-pilot__w320.png	C:\Users\hinthorozuTUF\Kyrox\fair-crm\frontend\reports\full-ui-evidence\screenshots\dev_customers-responsive-pilot__w320.png
/dev/customers-responsive-pilot	390	screenshots/dev_customers-responsive-pilot__w390.png	C:\Users\hinthorozuTUF\Kyrox\fair-crm\frontend\reports\full-ui-evidence\screenshots\dev_customers-responsive-pilot__w390.png
/dev/customers-responsive-pilot	767	screenshots/dev_customers-responsive-pilot__w767.png	C:\Users\hinthorozuTUF\Kyrox\fair-crm\frontend\reports\full-ui-evidence\screenshots\dev_customers-responsive-pilot__w767.png
/dev/customers-responsive-pilot	768	screenshots/dev_customers-responsive-pilot__w768.png	C:\Users\hinthorozuTUF\Kyrox\fair-crm\frontend\reports\full-ui-evidence\screenshots\dev_customers-responsive-pilot__w768.png
/dev/customers-responsive-pilot	769	screenshots/dev_customers-responsive-pilot__w769.png	C:\Users\hinthorozuTUF\Kyrox\fair-crm\frontend\reports\full-ui-evidence\screenshots\dev_customers-responsive-pilot__w769.png
/dev/customers-responsive-pilot	1023	screenshots/dev_customers-responsive-pilot__w1023.png	C:\Users\hinthorozuTUF\Kyrox\fair-crm\frontend\reports\full-ui-evidence\screenshots\dev_customers-responsive-pilot__w1023.png
/dev/customers-responsive-pilot	1024	screenshots/dev_customers-responsive-pilot__w1024.png	C:\Users\hinthorozuTUF\Kyrox\fair-crm\frontend\reports\full-ui-evidence\screenshots\dev_customers-responsive-pilot__w1024.png
/dev/customers-responsive-pilot	1025	screenshots/dev_customers-responsive-pilot__w1025.png	C:\Users\hinthorozuTUF\Kyrox\fair-crm\frontend\reports\full-ui-evidence\screenshots\dev_customers-responsive-pilot__w1025.png
/dev/customers-responsive-pilot	1439	screenshots/dev_customers-responsive-pilot__w1439.png	C:\Users\hinthorozuTUF\Kyrox\fair-crm\frontend\reports\full-ui-evidence\screenshots\dev_customers-responsive-pilot__w1439.png
/dev/customers-responsive-pilot	1440	screenshots/dev_customers-responsive-pilot__w1440.png	C:\Users\hinthorozuTUF\Kyrox\fair-crm\frontend\reports\full-ui-evidence\screenshots\dev_customers-responsive-pilot__w1440.png
/dev/customers-responsive-pilot	1441	screenshots/dev_customers-responsive-pilot__w1441.png	C:\Users\hinthorozuTUF\Kyrox\fair-crm\frontend\reports\full-ui-evidence\screenshots\dev_customers-responsive-pilot__w1441.png
/dev/customers-responsive-pilot	1920	screenshots/dev_customers-responsive-pilot__w1920.png	C:\Users\hinthorozuTUF\Kyrox\fair-crm\frontend\reports\full-ui-evidence\screenshots\dev_customers-responsive-pilot__w1920.png
/dev/customers-responsive-pilot	2560	screenshots/dev_customers-responsive-pilot__w2560.png	C:\Users\hinthorozuTUF\Kyrox\fair-crm\frontend\reports\full-ui-evidence\screenshots\dev_customers-responsive-pilot__w2560.png
/dev/customers-responsive-pilot	3440	screenshots/dev_customers-responsive-pilot__w3440.png	C:\Users\hinthorozuTUF\Kyrox\fair-crm\frontend\reports\full-ui-evidence\screenshots\dev_customers-responsive-pilot__w3440.png
/dev/customers-responsive-pilot	3840	screenshots/dev_customers-responsive-pilot__w3840.png	C:\Users\hinthorozuTUF\Kyrox\fair-crm\frontend\reports\full-ui-evidence\screenshots\dev_customers-responsive-pilot__w3840.png
/dev/table-standard-smoke	320	screenshots/dev_table-standard-smoke__w320.png	C:\Users\hinthorozuTUF\Kyrox\fair-crm\frontend\reports\full-ui-evidence\screenshots\dev_table-standard-smoke__w320.png
/dev/table-standard-smoke	390	screenshots/dev_table-standard-smoke__w390.png	C:\Users\hinthorozuTUF\Kyrox\fair-crm\frontend\reports\full-ui-evidence\screenshots\dev_table-standard-smoke__w390.png
/dev/table-standard-smoke	767	screenshots/dev_table-standard-smoke__w767.png	C:\Users\hinthorozuTUF\Kyrox\fair-crm\frontend\reports\full-ui-evidence\screenshots\dev_table-standard-smoke__w767.png
/dev/table-standard-smoke	768	screenshots/dev_table-standard-smoke__w768.png	C:\Users\hinthorozuTUF\Kyrox\fair-crm\frontend\reports\full-ui-evidence\screenshots\dev_table-standard-smoke__w768.png
/dev/table-standard-smoke	769	screenshots/dev_table-standard-smoke__w769.png	C:\Users\hinthorozuTUF\Kyrox\fair-crm\frontend\reports\full-ui-evidence\screenshots\dev_table-standard-smoke__w769.png
/dev/table-standard-smoke	1023	screenshots/dev_table-standard-smoke__w1023.png	C:\Users\hinthorozuTUF\Kyrox\fair-crm\frontend\reports\full-ui-evidence\screenshots\dev_table-standard-smoke__w1023.png
/dev/table-standard-smoke	1024	screenshots/dev_table-standard-smoke__w1024.png	C:\Users\hinthorozuTUF\Kyrox\fair-crm\frontend\reports\full-ui-evidence\screenshots\dev_table-standard-smoke__w1024.png
/dev/table-standard-smoke	1025	screenshots/dev_table-standard-smoke__w1025.png	C:\Users\hinthorozuTUF\Kyrox\fair-crm\frontend\reports\full-ui-evidence\screenshots\dev_table-standard-smoke__w1025.png
/dev/table-standard-smoke	1439	screenshots/dev_table-standard-smoke__w1439.png	C:\Users\hinthorozuTUF\Kyrox\fair-crm\frontend\reports\full-ui-evidence\screenshots\dev_table-standard-smoke__w1439.png
/dev/table-standard-smoke	1440	screenshots/dev_table-standard-smoke__w1440.png	C:\Users\hinthorozuTUF\Kyrox\fair-crm\frontend\reports\full-ui-evidence\screenshots\dev_table-standard-smoke__w1440.png
/dev/table-standard-smoke	1441	screenshots/dev_table-standard-smoke__w1441.png	C:\Users\hinthorozuTUF\Kyrox\fair-crm\frontend\reports\full-ui-evidence\screenshots\dev_table-standard-smoke__w1441.png
/dev/table-standard-smoke	1920	screenshots/dev_table-standard-smoke__w1920.png	C:\Users\hinthorozuTUF\Kyrox\fair-crm\frontend\reports\full-ui-evidence\screenshots\dev_table-standard-smoke__w1920.png
/dev/table-standard-smoke	2560	screenshots/dev_table-standard-smoke__w2560.png	C:\Users\hinthorozuTUF\Kyrox\fair-crm\frontend\reports\full-ui-evidence\screenshots\dev_table-standard-smoke__w2560.png
/dev/table-standard-smoke	3440	screenshots/dev_table-standard-smoke__w3440.png	C:\Users\hinthorozuTUF\Kyrox\fair-crm\frontend\reports\full-ui-evidence\screenshots\dev_table-standard-smoke__w3440.png
/dev/table-standard-smoke	3840	screenshots/dev_table-standard-smoke__w3840.png	C:\Users\hinthorozuTUF\Kyrox\fair-crm\frontend\reports\full-ui-evidence\screenshots\dev_table-standard-smoke__w3840.png
/data-integration/imports/continue/:batchId	320	screenshots/data-integration_imports_continue_batchId__w320.png	C:\Users\hinthorozuTUF\Kyrox\fair-crm\frontend\reports\full-ui-evidence\screenshots\data-integration_imports_continue_batchId__w320.png
/data-integration/imports/continue/:batchId	390	screenshots/data-integration_imports_continue_batchId__w390.png	C:\Users\hinthorozuTUF\Kyrox\fair-crm\frontend\reports\full-ui-evidence\screenshots\data-integration_imports_continue_batchId__w390.png
/data-integration/imports/continue/:batchId	767	screenshots/data-integration_imports_continue_batchId__w767.png	C:\Users\hinthorozuTUF\Kyrox\fair-crm\frontend\reports\full-ui-evidence\screenshots\data-integration_imports_continue_batchId__w767.png
/data-integration/imports/continue/:batchId	768	screenshots/data-integration_imports_continue_batchId__w768.png	C:\Users\hinthorozuTUF\Kyrox\fair-crm\frontend\reports\full-ui-evidence\screenshots\data-integration_imports_continue_batchId__w768.png
/data-integration/imports/continue/:batchId	769	screenshots/data-integration_imports_continue_batchId__w769.png	C:\Users\hinthorozuTUF\Kyrox\fair-crm\frontend\reports\full-ui-evidence\screenshots\data-integration_imports_continue_batchId__w769.png
/data-integration/imports/continue/:batchId	1023	screenshots/data-integration_imports_continue_batchId__w1023.png	C:\Users\hinthorozuTUF\Kyrox\fair-crm\frontend\reports\full-ui-evidence\screenshots\data-integration_imports_continue_batchId__w1023.png
/data-integration/imports/continue/:batchId	1024	screenshots/data-integration_imports_continue_batchId__w1024.png	C:\Users\hinthorozuTUF\Kyrox\fair-crm\frontend\reports\full-ui-evidence\screenshots\data-integration_imports_continue_batchId__w1024.png
/data-integration/imports/continue/:batchId	1025	screenshots/data-integration_imports_continue_batchId__w1025.png	C:\Users\hinthorozuTUF\Kyrox\fair-crm\frontend\reports\full-ui-evidence\screenshots\data-integration_imports_continue_batchId__w1025.png
/data-integration/imports/continue/:batchId	1439	screenshots/data-integration_imports_continue_batchId__w1439.png	C:\Users\hinthorozuTUF\Kyrox\fair-crm\frontend\reports\full-ui-evidence\screenshots\data-integration_imports_continue_batchId__w1439.png
/data-integration/imports/continue/:batchId	1440	screenshots/data-integration_imports_continue_batchId__w1440.png	C:\Users\hinthorozuTUF\Kyrox\fair-crm\frontend\reports\full-ui-evidence\screenshots\data-integration_imports_continue_batchId__w1440.png
/data-integration/imports/continue/:batchId	1441	screenshots/data-integration_imports_continue_batchId__w1441.png	C:\Users\hinthorozuTUF\Kyrox\fair-crm\frontend\reports\full-ui-evidence\screenshots\data-integration_imports_continue_batchId__w1441.png
/data-integration/imports/continue/:batchId	1920	screenshots/data-integration_imports_continue_batchId__w1920.png	C:\Users\hinthorozuTUF\Kyrox\fair-crm\frontend\reports\full-ui-evidence\screenshots\data-integration_imports_continue_batchId__w1920.png
/data-integration/imports/continue/:batchId	2560	screenshots/data-integration_imports_continue_batchId__w2560.png	C:\Users\hinthorozuTUF\Kyrox\fair-crm\frontend\reports\full-ui-evidence\screenshots\data-integration_imports_continue_batchId__w2560.png
/data-integration/imports/continue/:batchId	3440	screenshots/data-integration_imports_continue_batchId__w3440.png	C:\Users\hinthorozuTUF\Kyrox\fair-crm\frontend\reports\full-ui-evidence\screenshots\data-integration_imports_continue_batchId__w3440.png
/data-integration/imports/continue/:batchId	3840	screenshots/data-integration_imports_continue_batchId__w3840.png	C:\Users\hinthorozuTUF\Kyrox\fair-crm\frontend\reports\full-ui-evidence\screenshots\data-integration_imports_continue_batchId__w3840.png
UNMAPPED		screenshots/_probe_continue_wizard_w1440.png	C:\Users\hinthorozuTUF\Kyrox\fair-crm\frontend\reports\full-ui-evidence\screenshots\_probe_continue_wizard_w1440.png
UNMAPPED		screenshots/data-integration_runs__runId__w1023.png	C:\Users\hinthorozuTUF\Kyrox\fair-crm\frontend\reports\full-ui-evidence\screenshots\data-integration_runs__runId__w1023.png
UNMAPPED		screenshots/data-integration_runs__runId__w1024.png	C:\Users\hinthorozuTUF\Kyrox\fair-crm\frontend\reports\full-ui-evidence\screenshots\data-integration_runs__runId__w1024.png
UNMAPPED		screenshots/data-integration_runs__runId__w1025.png	C:\Users\hinthorozuTUF\Kyrox\fair-crm\frontend\reports\full-ui-evidence\screenshots\data-integration_runs__runId__w1025.png
UNMAPPED		screenshots/data-integration_runs__runId__w1439.png	C:\Users\hinthorozuTUF\Kyrox\fair-crm\frontend\reports\full-ui-evidence\screenshots\data-integration_runs__runId__w1439.png
UNMAPPED		screenshots/data-integration_runs__runId__w1440.png	C:\Users\hinthorozuTUF\Kyrox\fair-crm\frontend\reports\full-ui-evidence\screenshots\data-integration_runs__runId__w1440.png
UNMAPPED		screenshots/data-integration_runs__runId__w1441.png	C:\Users\hinthorozuTUF\Kyrox\fair-crm\frontend\reports\full-ui-evidence\screenshots\data-integration_runs__runId__w1441.png
UNMAPPED		screenshots/data-integration_runs__runId__w1920.png	C:\Users\hinthorozuTUF\Kyrox\fair-crm\frontend\reports\full-ui-evidence\screenshots\data-integration_runs__runId__w1920.png
UNMAPPED		screenshots/data-integration_runs__runId__w2560.png	C:\Users\hinthorozuTUF\Kyrox\fair-crm\frontend\reports\full-ui-evidence\screenshots\data-integration_runs__runId__w2560.png
UNMAPPED		screenshots/data-integration_runs__runId__w320.png	C:\Users\hinthorozuTUF\Kyrox\fair-crm\frontend\reports\full-ui-evidence\screenshots\data-integration_runs__runId__w320.png
UNMAPPED		screenshots/data-integration_runs__runId__w3440.png	C:\Users\hinthorozuTUF\Kyrox\fair-crm\frontend\reports\full-ui-evidence\screenshots\data-integration_runs__runId__w3440.png
UNMAPPED		screenshots/data-integration_runs__runId__w3840.png	C:\Users\hinthorozuTUF\Kyrox\fair-crm\frontend\reports\full-ui-evidence\screenshots\data-integration_runs__runId__w3840.png
UNMAPPED		screenshots/data-integration_runs__runId__w390.png	C:\Users\hinthorozuTUF\Kyrox\fair-crm\frontend\reports\full-ui-evidence\screenshots\data-integration_runs__runId__w390.png
UNMAPPED		screenshots/data-integration_runs__runId__w767.png	C:\Users\hinthorozuTUF\Kyrox\fair-crm\frontend\reports\full-ui-evidence\screenshots\data-integration_runs__runId__w767.png
UNMAPPED		screenshots/data-integration_runs__runId__w768.png	C:\Users\hinthorozuTUF\Kyrox\fair-crm\frontend\reports\full-ui-evidence\screenshots\data-integration_runs__runId__w768.png
UNMAPPED		screenshots/data-integration_runs__runId__w769.png	C:\Users\hinthorozuTUF\Kyrox\fair-crm\frontend\reports\full-ui-evidence\screenshots\data-integration_runs__runId__w769.png
